Item ID,Name,Price,Image Link,Product Link
290281992204570223980938359481915844639,N/A,N/A,https://ir.ebaystatic.com/rs/v/fxxj3ttftm5ltcqnto1o4baovyl.png,https://ebay.com/itm/123456?itmmeta=012DEW30YG0MEEKND7NH&hash=item123546:g:acwAA9KNiJowH:sc:ShippingMethodStandard!95008!US!-1&itmprp=enc%3AbgepL1tlUHjMGCVfSTGJh%2BzsVKeJ3CQk7NizDI4BZeppuFnmyS6Ijyp8lh%2FnEw%2BWqO7uTV1Q6izE1R0T54aV8j71F4xlWfVcGft4%2FiOQhtqVXA1rW6M1atPARQRmhqUxtEPJKhKtSFgI%2Bvwlzb0GwVCtkp%3ABlBMUObkmabpYw
290281992204570223980938359481915844639,N/A,N/A,https://ir.ebaystatic.com/rs/v/fxxj3ttftm5ltcqnto1o4baovyl.png,https://ebay.com/itm/123456?itmmeta=012DEW30YG0MEEKND7NH&hash=item123546:g:acwAA9KNiJowH:sc:ShippingMethodStandard!95008!US!-1&itmprp=enc%3AbgepL1tlUHjMGCVfSTGJh%2BzsVKeJ3CQk7NizDI4BZeppuFnmyS6Ijyp8lh%2FnEw%2BWqO7uTV1Q6izE1R0T54aV8j71F4xlWfVcGft4%2FiOQhtqVXA1rW6M1atPARQRmhqUxtEPJKhKtSFgI%2Bvwlzb0GwVCtkp%3ABlBMUObkmabpYw
11369805078131238640310445052555502874,Taylor Women Dress Clothing Outfit Dressy Fancy Plus Size 22 Retails 134.00 Nice,$19.50,https://i.ebayimg.com/thumbs/images/g/7fwAAOSwivZmY5VU/s-l500.webp,https://www.ebay.com/itm/196432623028?itmmeta=01HZTNJDY97PW13Q6E93FC3A3N&hash=item2dbc4bf5b4:g:7fwAAOSwivZmY5VU&itmprp=enc%3AAQAJAAAA4Pu7oXafiASTfLmcmCiNFYFimx2OWiSuWrCY0dXF7yv%2FzKg2P4QRN2jRh7aYFTdYIidI7Y1Ka0Xa%2Bxdo6saJAzjSgOMsYVnIsJaCR6nJehN%2BiSrJD2hqr%2Ffq6EAv72ZAXtZzNZ2Egz7kNpaj9mpJpZjVefhCd4z64bbKT%2B51gnzP2nmaUxQCLXpNTv8h2Y2jdDKoHz0UbJrfhoc0NnPnuZAtSkuOB0g7eSqXcvlsvoen4%2BsyVNP5HFoZbSfYJ7HkYRoQCTZatZo7eizCdLhf1M22v0xPYINSzuLCnUlwmNMP%7Ctkp%3ABk9SR5zfydX-Yw
1337178147548451008111266210566681757,Ladies 12 DVF Diane von Furstenberg JULIAN Fuschia Chain Link Silk Wrap Dress,$69.99,https://i.ebayimg.com/thumbs/images/g/koIAAOSwSytmY5J7/s-l500.webp,https://www.ebay.com/itm/166810304606?itmmeta=01HZTNJDY9F0BPTP6KZNGRFP0Q&hash=item26d6ab405e:g:koIAAOSwSytmY5J7&itmprp=enc%3AAQAJAAAAwCd%2BoVRE7ah2MUM3DlN%2FNZzolGShTHV0JH0FHVB6HUD2gyddITagTGbkKgWrtSfIzeP1fVHO5E2NLOiFZx22FYUSySXTLCvQpPzKPDZ8llAh8lkfkn22Ve84XpcngohzdEBcvRviS%2FG%2B98jiACcvEgyS6e59T4TqUu0cmyucdYUWLqhLLZz113lZq%2FoAFYOjTmUGSGK6GFOofhUZ8ek37z%2B7YOYjKVAIH4cao%2BeWK2SWsP3f6aNwcfW1QTDhG9U11A%3D%3D%7Ctkp%3ABk9SR5zfydX-Yw
112704886759818049384636332671483648365,Women's Summer Drawstring Waist Wide Leg Loose Cotton Linen Palazzo Pants,$14.99 to $16.99,https://i.ebayimg.com/thumbs/images/g/YCUAAOSwwFdkbHPm/s-l500.webp,https://www.ebay.com/itm/314607254987?itmmeta=01HZTNJDY9AYBAS7Y527N2FYCW&hash=item49400dbdcb:g:YCUAAOSwwFdkbHPm&itmprp=enc%3AAQAJAAAA4AiBaB4qDPvaDNMmiK4tB8pfPsFn9aefKMIgd%2F1YE9Js0%2FMpn%2Foua9WpkBE%2BcGHC6c%2FgIhTvJWTf8LGZsZ79G8utBN7LCGLgkXlrixCxX%2BBHqWioroMa7pGqjKq0ggRrMWZlfLPoUcuTd1vbyTmJ%2BDbyb3La%2BCsdiGOEIhyN7BN6pwbKcn294S7Cg0IMo%2FzzPQPsap00QUmOUTj14oYmEGfBVfjk1gWY%2F0A%2FwhMTtB1zTMQ9epKkAD4K%2BEk2UcIuCRdotNAXoJow%2B5mdZmzqpYEVBZpQM4eeMxD0yOWtWzo2%7Ctkp%3ABk9SR57fydX-Yw
332620239930489549289998301717246681970,women clothes lot size small,$300.00,https://i.ebayimg.com/thumbs/images/g/v2MAAOSwIjJmSrJ9/s-l500.webp,https://www.ebay.com/itm/405015836883?itmmeta=01HZTNJDY96REAJ2H86CBBPQX6&hash=item5e4cd338d3:g:v2MAAOSwIjJmSrJ9&itmprp=enc%3AAQAJAAAA4DWrOzHdp7pwZ38FkPBVXt%2B4DXKQduS6mygJQ3jFlm5jM7OhZXmIGhOG9LqRNSWh5v7655p4M0l7G%2FjknHv8g2Ue%2Fz8LJywHSLD8voVd%2FzegFS7VCPddUFuEGnbTzrtmBqdbrbFy8EqrEe5Duf4RoLCa%2FeOYT6mNMPt6b1N%2FG3LV0%2FL7JfSL%2B%2F2fKUIzPe5QrIlJlSk3mcPYEHE97UgL1hYf9FgRN0hs9UgBto6cfyAzYOh0asuZUn1PPLpFihIKRMupU7vT54vxE3EOI1iiNricu59Z0hFgZRLu82TGdS9a%7Ctkp%3ABk9SR57fydX-Yw
121376761374831969180882638999066023069,Size 16 XL 1X RALPH LAUREN BLACK TIMELESS RUCHED JERSEY DRESS Classic Plus Size,$69.99,https://i.ebayimg.com/thumbs/images/g/tsAAAOSwSPdmY5md/s-l500.webp,https://www.ebay.com/itm/256537244049?itmmeta=01HZTNJDY9P4P6BKWMR2GJAB3H&hash=item3bbacfb191:g:tsAAAOSwSPdmY5md&itmprp=enc%3AAQAJAAAAwKxE%2F%2BhoRdfDotJBlEtXMInKHpL9zTzRgdd2eeh%2BdW%2FK%2BeJVX6rw%2BwO3YYcPqUW4ophAZ05tgchR2n3THOYku1SZMOsE%2F8If7u%2B382R%2B4Ol9OQ7femDX3Ex4U4%2Bgbocjr3aCyKD20fbATxkD107Qp8pl%2Bx%2F32UcxQdXjkfLot28rYvkH1GdQcNA1962jA1TZgWQz7Vn2FPIKdfSia3QoMnhMPMZZAORzJkSoJfx5lwZZTrzjZUWpvpOiss5i50v42A%3D%3D%7Ctkp%3ABk9SR57fydX-Yw
142367061380969736656618666780716300480,Sexy Women V Neck Mini Babydoll Dress Hollow Out Clubwear Party Clothes Summer ↷,$4.21,https://i.ebayimg.com/thumbs/images/g/wz8AAOSwofxisbuq/s-l500.webp,https://www.ebay.com/itm/386955263078?itmmeta=01HZTNJDY9MVQ5NSN9R6P1XV8R&hash=item5a1854bc66:g:wz8AAOSwofxisbuq&itmprp=enc%3AAQAJAAAA4BPB6%2BOZggJwMXUeihZhKEbZIPEOSFeCRvupoPafcrv04iQViGrQX1Bs68vuU94Ir%2BLV1N%2F4pzUDlJ%2FPfpcuh9P%2FQDgBqdp2GLKb4cNm7YeBccTTxs15fHQpo1QC%2BL%2F4YusvPFhAL4SPqXH%2FkWn3HKRxJlmpRjVoCFHXGWGE2CcBRNcmiAlPY2%2BFD%2Bk%2FbD0BjYYa36fDeLQhGmGcRRPWhh37%2Bt9FLu%2BVq2Oact5w4NmxvTWVSmDyzsf94%2BdWDSOVviUWepfTW6zbXj4wp9T%2Bv76iX7zJYy4rMN4DskikEOiz%7Ctkp%3ABk9SR57fydX-Yw
202031235541024227505211648288655382785,H&M Pink And Black Floral Long Sleeve Tunic Mini Dress Rose Print Size Small,$18.00,https://i.ebayimg.com/thumbs/images/g/smwAAOSwLe5mY6S~/s-l500.webp,https://www.ebay.com/itm/156246847289?itmmeta=01HZTNJDY92CNWYMTRN1W1YY54&hash=item246109af39:g:smwAAOSwLe5mY6S~&itmprp=enc%3AAQAJAAAAwLphFAN%2FAXW%2FO7gFZ7mQ98ttQ9E6d3wTxeKZA47bS3rJg%2BvnriDMmyrEZMGpSN49l9tJjbJhb4br97bhFoO4lPuppJLqcS8JpW0rKigT0oSdslGyCHpddSrSnY7NCLLzRvfJvs7hu3sRIWV6vgeOmQ721Ocf14ZkhwXzPT5HoXachG1IJFQ136pyA0RuUVqfBolIpl7wmsWeyCahQD2%2B5D2BjermNYKruHOhEwnGl7EWfcpDe3M7AzTDMYTLxj7B9g%3D%3D%7Ctkp%3ABk9SR57fydX-Yw
38074974542353093353117125705033392194,Anthropologie Kindred Maxi Dress Size 3X Blue White Floral Smocked Slinky NEW,$55.00,https://i.ebayimg.com/thumbs/images/g/sFMAAOSwrwhken0g/s-l500.webp,https://www.ebay.com/itm/285898217440?itmmeta=01HZTNJDY9BFC1MFG5WBGAJT81&hash=item4290dc97e0:g:sFMAAOSwrwhken0g&itmprp=enc%3AAQAJAAAA4Mm0Z8fFHjl0Rx6OyE9Mdk%2B0FErmMZAfiDRoz9C9lVKtrSnQmR2k9ZM1OmNJAh96a9xsXPzu5lsl%2FEL6MjGlwddI%2FAWi0apMQIt7wnEoVMPo1rQnN9o4E7wouUaAW2MGeKss3dyj3FA4zxCnjHp54IrXbI4Bful0UGDN%2F4WfyUVoz0Qf5QjlR83EM0CRMeAow5wzZ%2BVH99nAqdYJZcui0k4sPhTHsUheYix1lOZcMTZ64yrRgHSSSdYjGtpj%2B10hwruBD6ElbrzIIquSAArEyQO%2Fd2jlEIhtOUiKwceBwTmn%7Ctkp%3ABk9SR57fydX-Yw
3275033191398528419626098207825714631,Tommy Hilfiger Cotton Spandex Dress Womens Size XL Dark Blue Short Sleeve,$8.90,https://i.ebayimg.com/thumbs/images/g/iNwAAOSwODBmY6Wn/s-l500.webp,https://www.ebay.com/itm/355775016823?itmmeta=01HZTNJDY9E9A9R2V9FDAY0NHK&hash=item52d5d7ef77:g:iNwAAOSwODBmY6Wn&itmprp=enc%3AAQAJAAAAwIf4KDB92SBP32K2JASKtZMdUrS%2Fyuor1hv%2F2fjoKANgo6PaWP6eXa8vdRMZ5HT4UOCM2f4M9c6eb4TycZ4hoWaBbyxcSNcLD1StDkLYFYLTHJ8TwJ9FJkBdwlzHcrhb9Jej4ojAgOmfd2Rnw9MaW77XT2fwaR7k4n6IIdCvSMKUEGD3avDnHzcGWpQPEZkNUGQ6YutcNP65fVORe9wxCC%2F8--tUaOsKzlz2f2XEFMNfDWilRubql%2BMFSZtLhi0AKg%3D%3D%7Ctkp%3ABk9SR57fydX-Yw
256196329872869949750595631848053329587,Easy Essentials Women's A-line Midi Sleeveless Floral Dress White XL,$5.00,https://i.ebayimg.com/thumbs/images/g/ls8AAOSwH3RlT-ab/s-l500.webp,https://www.ebay.com/itm/186477633881?itmmeta=01HZTNJDY9GJ8579NTVEF26QXV&hash=item2b6aeee159:g:ls8AAOSwH3RlT-ab&itmprp=enc%3AAQAJAAAAwF1f%2BcwYazsjlJx9EiMBxgsetv2tVHb%2FcIORnna4rdkkZhSVAkKWXNMqDjzq77vwiPu9AA1UPzbtonJcqcJfYxrfxb1eicKUCbdntgkhUIpOnRu2wy67p0pXaOFv50UF5oAy5YINz%2FcVN%2Fk876TKj1uTBmES4EAWxMTStAbFxZgBp%2F2enxtjammD92ywhUCaAVGO7tWtVJP4AJwLX7c7ryThNlTd0sNcB1Ci9tM0j11p19gI62E39e9cEZNk%2FTOhuA%3D%3D%7Ctkp%3ABk9SR57fydX-Yw
313195025885136391454809919766471025644,Hanes Ribbed Tank Top Women's Mini Cotton Shirt 100% pure cotton Wide Straps,$10.00,https://i.ebayimg.com/thumbs/images/g/M~AAAOSwcBlk2~Va/s-l500.webp,https://www.ebay.com/itm/142964049407?itmmeta=01HZTNJDY98D0RNJ11S1DZK8H9&hash=item21495245ff:g:M~AAAOSwcBlk2~Va&itmprp=enc%3AAQAJAAAAwOw3jmjKqRFDxCB9MWIxOZ3NzUeWkvqnqqzQWGGNVis2zi4KpiCgD5qbS9MMndLTz7XHXiDoso9D%2B6ogZRvFOHDaSufK8UiGazxnYA2Yy5atP5zbWghKVXJ8liCdW1KSBEdqd%2Bw4HaZnqFoutBcmiuFrMuqmHKlu5HyML9ecq7DctremXofOaANWJVeXtxtwsn0FHhsO9JOn8h7dc4SEOrU4jhWPoV8TdF2ZQU8GMVWhWdDS6Mm4XoFAEe7FLCrJPQ%3D%3D%7Ctkp%3ABk9SR57fydX-Yw
193528292309251150101466969056646080401,Talbots Black White Geometric Print 3/4 Sleeves Faux Wrap Dress Size L V Neck,$17.99,https://i.ebayimg.com/thumbs/images/g/wlIAAOSwWLZmEw6g/s-l500.webp,https://www.ebay.com/itm/186482453982?itmmeta=01HZTNJDY96TF97TH11D2S388R&hash=item2b6b386dde:g:wlIAAOSwWLZmEw6g&itmprp=enc%3AAQAJAAAAwDRzOKND7%2FoZfmJP1nvhnU6N%2BgJaGooWBctuEmY9s6JZyv1hIYBBnNtv7l6NDGmR1xYz2ycrNy4ZnD1EfD9nI9pY1WQ8PrbxpdeydxkmxrHtUJDxtBIvi2to1NNoSsxKguVg8cV9Is3Xwy6e5Uz0EVMfeQGAi%2Fz2Ds9k0R0iPTNYpvCSSJ7dcbqMlC8iFzPRygoV%2BQfgEFNGpJkFCzlff5ZEapieuIJmiDYQSLh1rAEnYzKjghc7NhycIc%2FBxLY0Sw%3D%3D%7Ctkp%3ABk9SR57fydX-Yw
160425211906699148712456243283717849633,Muslim Women Green Abaya Dress Nida Eid Prayer Islamic Fashion Modest Clothing,$33.99,https://i.ebayimg.com/thumbs/images/g/rykAAOSw9jpkknr3/s-l500.webp,https://www.ebay.com/itm/295552067392?itmmeta=01HZTNJDY9M752KDRE3ZAGHK4N&hash=item44d046a740:g:rykAAOSw9jpkknr3&itmprp=enc%3AAQAJAAAAwOU1xap990UK7ANZW4zSptE%2B%2Fl4t40BUp77mFhYsXYAtHJTV0RHpOx%2BlkLExFFTdRKsS7BaYMExEiJEpKieVo9gAPGap8n5fWhbJLiqVq%2FmMr6%2FTColjNQRwMBkH56Ipo%2BHA8U7I7lt%2FwDJKFMG5t9Ykf8aK5LeGIv5s87c64RlD1HPTsxdJGvj7PeuWwbB%2BxxDXJurSqRknAaCSVjWntjcvR61zhdfwkbb1aiEkwyAIK2GoY8FC%2Bjt6BwClSkdfMg%3D%3D%7Ctkp%3ABlBMUJ7fydX-Yw
308551837456217667765522901582647508584,Gibsonlook Top Sweater Knit Ruffled Neck Soft Light Pink Women Sz S NEW NWT N168,$17.00,https://i.ebayimg.com/thumbs/images/g/aI8AAOSwcmRl4hOi/s-l500.webp,https://www.ebay.com/itm/285854545185?itmmeta=01HZTNJDY9C12H8JQ6MJTHM4Q1&hash=item428e423521:g:aI8AAOSwcmRl4hOi&itmprp=enc%3AAQAJAAAAwGXiG3M7Fb3b%2B5oef%2BixEW3oKi64x9d9VF8bwOwmaMTXBFhmq6x4P9n46tILTrs4IxC7fo1%2FD1qpIWmnXOJzi%2F1nPYpy4uSdXh3CykWeyT%2F7CTDpCGSxJF4aIbKqKi7F0fP2LrUgMGEtJomcU0sqptJ9QfZdTfOHJj1XpjfztdHkudN3uxwiWYBh4tK2U4v%2B4dnmUAB4Dmkms8NfHX2BLmNKr%2BrhOcSRKKMO9Z2lW1ESlW8ONkBZWzga3v0PYNpASg%3D%3D%7Ctkp%3ABlBMUKDfydX-Yw
209951906043681663678568555433856835491,Women's Sunflower Floral Smocked Summer Sundress Long Dress,$18.95 to $21.95,https://i.ebayimg.com/thumbs/images/g/0o0AAOSw32Fh~eVG/s-l500.webp,https://www.ebay.com/itm/304345802247?itmmeta=01HZTNJDY95NS4K0S5TBW9F4EM&hash=item46dc6c6607:g:0o0AAOSw32Fh~eVG&itmprp=enc%3AAQAJAAAA4PMzo28F0Iu%2Bk8rnDFPHqyuyLLmlh8NsPzT9JAp1Hkv7H%2BOqAL1reJgMWBRJdUjLPGxSgPl%2BPxxxuyfwujxcw3Ve%2FPaX9GBVyabnihSh6OzopQPiT5UHH3bC%2FwicjPjmGjgbDZ3XicdK0hQEsoXwxqmsjCzRdPByrEooSCkQsyev6J8gfAfvCrIybgNJhYwEUhtckt2r7DxmwKGgeYmPlmKLLkr19fUCqvVB6DyG1eey1Aax4bjG%2BiHRY3ocb73sxTVJReo%2B2db14TpjbC4HvpDj%2FLF%2FJp5MjCnhdEJ4WKiM%7Ctkp%3ABFBMoN_J1f5j
106226962544407792189261919119533674466,Women's Floral Smocked Summer Sundress Long Dress,$18.95,https://i.ebayimg.com/thumbs/images/g/bBcAAOSwTzxh~IiU/s-l500.webp,https://www.ebay.com/itm/304344620433?itmmeta=01HZTNJDYA0RC0P371ZMQK3YB8&hash=item46dc5a5d91:g:bBcAAOSwTzxh~IiU&itmprp=enc%3AAQAJAAAA4C6RjRgwrJUOXPI3sEmyg7r6ElTYYnMmPxv9SOZa6CVBDUA7wgYcfWl%2FVrtFr7f%2BbxJio0ghuDl24aK5S1aoIzgyPWDWINqcaQV2oJWwuWC5jflQiyFfSgtbjE2CxGkAPoRtROjdSgviRa6C04GKl0Jjfq5utGXkSREcFkevrKRyBAoCtZwjsWprTx1TavGdpQvYOVYAK5ZeUQU5bvnga3gxk9Gjfo1lQXLtpSDN6l4xSxsHnBQCL9CQJ6w82LUSYofhZhc2sXSC8hX8VJ2J0hb78bLw3M2%2BwBtS9pQMSK0Q%7Ctkp%3ABFBMoN_J1f5j
326970438669563400575267374546951421199,Size 3X 22 24 NEW GREEN PRINT SMOCKED BODICE MAXI DRESS W/POCKETS Plus Size NWT,$49.99,https://i.ebayimg.com/thumbs/images/g/zDMAAOSwBAZmY5mU/s-l500.webp,https://www.ebay.com/itm/266849906834?itmmeta=01HZTNJDYATYWFH55DWDQQDCYS&hash=item3e217e7092:g:zDMAAOSwBAZmY5mU&itmprp=enc%3AAQAJAAAA4GgX0NCADkav%2BWt7Xop93Vhk%2FJpXPzQUPj1Uae5zD9blHCsX8ZJPzEPs3SbrUsLY6pB5UwW6wZWloWE2SwB78KagdLzunqU%2BiCZkuXbjiXIDnmGbj70zdMBXdgW%2Be5kDcMba85T8u0qDWRJkjGFQpbOXURRUlwJUBrfD2Pb7%2FqDoN0kfTEp%2BRFcMhCJy14YfXVucxypCldYhjse%2BQOAlRDwuTjoXLyUbuotaqdSTVDosKo4VOF24SpjwoKmnQuZIh80urHvTgbQG2Aq22Wx6eHz1YVLv1gngOuEKlsQkBEgq%7Ctkp%3ABk9SR6DfydX-Yw
156607013504990903201629443342732821095,Boden Women’s Blue and Black Fit and Flare Lined Dress Size 10R,$27.40,https://i.ebayimg.com/thumbs/images/g/r28AAOSwqtdl61Wt/s-l500.webp,https://www.ebay.com/itm/387066664755?itmmeta=01HZTNJDYAN8TS4GGMHJFB2ERY&hash=item5a1ef89733:g:r28AAOSwqtdl61Wt&itmprp=enc%3AAQAJAAAA4ARadrxb254Y3ek%2B0EQEpN%2FZ6%2BRaRreCtuvs40co2BFsOmpvrqKnYAsqfVj5hx6nBH0VUPuu8lp85K%2F4aNmeZcPJqoOE9vAZDx%2BieT1zkvMW1d6R%2BM5LvUJgNNu5dAiLzlfr8r3eT%2FD3iHQDASI32wtcDm%2BWuGR%2Fte2Y16kNyrw%2BR8evOmLhcz0QlXAx3NsSHI8irA0Hq5cpC9%2BGwFgugExvD5OLAjAyFUslzlkfPiTuicwtSB7MlNST0So--6v3uB4aXQ869jkRXzfjY3gGPY4L3YwtrC8iwGHNgkpWB9Gb%7Ctkp%3ABk9SR6DfydX-Yw
97291814802290329951803889777392417484,GAP Women's Lightweight Relaxed Fit Tencel Dress,$16.99,https://i.ebayimg.com/thumbs/images/g/SqwAAOSwggFluUlt/s-l500.webp,https://www.ebay.com/itm/235409817324?itmmeta=01HZTNJDYAKSBVC87434BXQDAC&hash=item36cf84beec:g:SqwAAOSwggFluUlt&itmprp=enc%3AAQAJAAAA4LZIpx1AevLCG09UhnA%2FGDRU5PT%2FXKgPblWbgLfVZ10qsdzbfqoWqoRZ1o%2B9Uzq5RG8k4WG5FlpbAax3HV6ULZwgAMH1lqU4jUVGWFExfjm01yhkilFw5DOf71bUEjDw6mMXwtruyyq6Cs3RS6naZHsd4%2FPv%2Ftve0JD5%2Fm1UARLUr5S6ERu%2FISI5Zk1AgXkrdyD%2F58LZ0hk4q%2F75TuK2mqrjEmGXYltRk0xi8kPbETLv2wwoHwnpDjQQ7AF0q43KFtuU0q2YZQ7AAalPjYkZAOKmamSyEMEUDQkh8N7A%2Fetd%7Ctkp%3ABk9SR6DfydX-Yw
122556866018327421545749021539534713979,Ann Taylor Women's Navy Black Sheath Dress Size 12 Career Ponte Knit Knee Length,$22.99,https://i.ebayimg.com/thumbs/images/g/zWkAAOSwOFhmU-CV/s-l500.webp,https://www.ebay.com/itm/196432724803?itmmeta=01HZTNJDYAC2QS46KC4X6VYPWT&hash=item2dbc4d8343:g:zWkAAOSwOFhmU-CV&itmprp=enc%3AAQAJAAAAwIZK4u380GvPR61oguSksZQt4DeQ8CDED9jtKnzD65uxPBwNOD2eClQDilDiVFXMMS4dfp7Le6VT5kmP7cDiP41zXePh1rfJIerfK1gWapki8FN5ib2ZW7ncXnDl9fwIx%2FiTmp2iFKNaIhQOgWAAeA82Qa8ML9EieMBKtpc8sbLwale9Xr1E9d6W9X4XBqKN5jNKJnke%2B67c1j%2B9YUODVLAQyO5JwEqG5%2F4kQeeKQYsYzyEuDxR9iP07pRqP5PyX1A%3D%3D%7Ctkp%3ABk9SR6DfydX-Yw
306098609755912595301340182792500978294,Advance Apparels Dress Size L XL Blue Maxi Sleeveless Full Skirt Boho Hippie NWT,$19.92,https://i.ebayimg.com/thumbs/images/g/kQMAAOSw~iFmY4e2/s-l500.webp,https://www.ebay.com/itm/256537176254?itmmeta=01HZTNJDYAA4RJ6HDQ2KKGNF5T&hash=item3bbacea8be:g:kQMAAOSw~iFmY4e2&itmprp=enc%3AAQAJAAAAwCR4e0l76Us6s5BSZQR7e27K6%2FRwMMRI2o6bzl03eF2kEviLJM3BHHlw9W27B8Guh39qLWf6OtHvxIz8HHR%2Fnvki2V3HRl9MtMUPsCN7bgJrIpbORI76P6ml9%2BUleQPhoMmDwgbkEDgc4sGwZfsi--79skmhdmy0xPohDeAP8RWks0n1SW0p09iUw8Y0TOxNE44Nl9ER9xBSReAWMPpwI%2BxG5CepvF82SBhmS2HgJcU4nYQdPHpIV862mlHhxf6K7A%3D%3D%7Ctkp%3ABk9SR6DfydX-Yw
282533129867915437726018378781233906346,Size 2X 18 20 NAVY BLUE POLKA DOT PRINT FAUX-WRAP DRESS Summer Wedding PLUS SIZE,$49.99,https://i.ebayimg.com/thumbs/images/g/HHYAAOSwKxVmY5mN/s-l500.webp,https://www.ebay.com/itm/266849905479?itmmeta=01HZTNJDYA670XYK7A1BZB6QRM&hash=item3e217e6b47:g:HHYAAOSwKxVmY5mN&itmprp=enc%3AAQAJAAAA4EolpWzvEcSiL8%2BASDMMh49PwHGtEtNJ1PK%2FdCmMPgDtrbn9w4W1%2FXbChU5MGE9APpwgtTCYWTUXmhBrX80sjbX7GtWsvcGQt%2B2g8sinSEQeWxQZHFXRItRyaa5I8IIkhIONAxLd9Xd5qxMd0IeCSYLhNU38bMSOzlpc7B4gCroK1BVsK0slXQjZdJkjL%2BGtqF7bTAxpXlUKNIIQzOJnEV%2BwNaKnsa%2BmtmQKpZiCNWStVAkrb9yTPXPDwOjp%2BZypUgOmP%2BzKJq32XGQOQSwaaq87TatmoO4ON%2BqYLpNKOLq4%7Ctkp%3ABk9SR6DfydX-Yw
287331950045303896811055317434071344707,Akris Punto Dress Fit & Flare Eyelet Detail Dark Navy Tan Lining Women’s Size 4,$54.99,https://i.ebayimg.com/thumbs/images/g/AaMAAOSwmBdmY57G/s-l500.webp,https://www.ebay.com/itm/176414270210?itmmeta=01HZTNJDYA3ZN31K41ZXACPYMG&hash=item29131c2302:g:AaMAAOSwmBdmY57G&itmprp=enc%3AAQAJAAAA4Am9fFF5y73jqHdSL4nagqGr8n8Bf6MUNQtMC%2FvsHLtefO8Zg3L5mzO8MhRJxJwuPTdI4ExH9a%2BKlKtlzj1RoEMWVZx%2F93sw95ScKE5DNBvxznUokEIJTmJgySMXMtmKdrMqWQttkyhpcgKwREW6PgzSih9UsBEYGrb%2FN%2BkROLh3AkusWEtiZ6FfaG2nA5LZ1gtxaQVq4f%2BV19bfACQ3EAOIKBGOYRnOQWjtKpf%2BKKjyWDL5hfw6d0oIdMxcwLJp1WoqkxDowc628h%2FMeuWQ%2F%2BuMu6s1UViU9Ho38MFYryCZ%7Ctkp%3ABk9SR6DfydX-Yw
39768126990025252167162510267664850001,$630 NWT Johnny Was Printed Tyna Dress - S - JW29930524,$195.00,https://i.ebayimg.com/thumbs/images/g/RVEAAOSwfHhmY5az/s-l500.webp,https://www.ebay.com/itm/276499437997?itmmeta=01HZTNJDYAE6H15NNVDW4FN2R8&hash=item4060a699ad:g:RVEAAOSwfHhmY5az&itmprp=enc%3AAQAJAAAA4CYclbSxGLFX3aaeqClpPGhWAvxwst7HBVuITIdthqDx5UoMPkgfm3kCpENGrW87R0avgXnR1W0nMefvTWFeVsI8eBZJHt%2BzEx3fg9hULjKGITQYVvz462OJSL1rMOA39RG9u0kP8gpY201BEmkO7xQsXYhp3u9UNDkzdMKLNGVaiC4OkZj3hUjK%2BadfTtKireO5U521EqdHdw9EBKM7T4TMqTPHegxPFLjeiieJ09aVOBCSgVMywOn78kEIzJUltfpYNo8GOCCr7lTh3DopheVlN2J9jjJi34MTy9gAPKfE%7Ctkp%3ABk9SR6DfydX-Yw
313371672948024447776293817429007581636,J. McLaughlin 3/4 Sleeve Ikat Faux Wrap Catalina Cloth Dress XS Blue Stretch,$37.99,https://i.ebayimg.com/thumbs/images/g/SoMAAOSwxGJmY4bL/s-l500.webp,https://www.ebay.com/itm/395455701768?itmmeta=01HZTNJDYA5G45QRZG9CBDNBG8&hash=item5c12ff2308:g:SoMAAOSwxGJmY4bL&itmprp=enc%3AAQAJAAAAwBSxSascCVgCuBf1Eng1xQbF%2BPK9AVURvA1NrIAamo2mzIyCGYt7X7QWLopDxvXNvyDFrRpdvZ5Mwrm71iR7aNchBSblQBkRfZ3g%2FMjrGz1JD2LIwgFrviFofzPSX9%2Bu9UQF4OaGLOsyzYEOVAbopRMGm7lw9RBXQVcburjFHXn6NYRdEE2A1yqj4w1OFtP%2FRZSM2hpsax8WShvxPbusv3dfKwdXuo%2BUbdvf5WZFyntoAbKW%2F8kdr23pJWts3RPevg%3D%3D%7Ctkp%3ABk9SR6DfydX-Yw
206653912110489155814800820611914410508,Floral Jumper Maxi Prairie Dress Cottagecore Size S/M Tiered Womens mixed print,$14.99,https://i.ebayimg.com/thumbs/images/g/ktkAAOSwm3tiS1j8/s-l500.webp,https://www.ebay.com/itm/196432734872?itmmeta=01HZTNJDYAPTZEHAGF9CF63ZSE&hash=item2dbc4daa98:g:ktkAAOSwm3tiS1j8&itmprp=enc%3AAQAJAAAA4DAdfThJWxoCV1U3E1rEKIInCiJ%2FVDRyUR2hsaQaVWpCr304Cpw4QkBxMcCZR17jzcPmyjeYSONCVTBmdUT9orr4vaNsUv6UMHdiiJpUuygww2XAJS7dKOWi%2Bq92tgcFePZl6qQbc5m%2FMfMgFDIJJWUvXyaWTNTm%2F%2BNRmjhMqmDirUp1b3h%2Bq2Qdxd4genqn9%2FC5SbJXKRwhVg9f9Yg6XSiklXIPn3ye594AipQSH%2F%2BwNq5EV%2FX6Yx23bcFgtb5SMueQPsZAuBAlGGrMDg3UtntWy%2B7ERELRIAwuTeUzfkKD%7Ctkp%3ABk9SR6DfydX-Yw
254019571238427075308767622780750433533,Viereck New Women's Size Large L Tie Dye Midi Casual V-Neck Sheath Dress NWT,$48.50,https://i.ebayimg.com/thumbs/images/g/yjoAAOSwEKdmY4xw/s-l500.webp,https://www.ebay.com/itm/256537194472?itmmeta=01HZTNJDYAB81NCK7WGY62HPWC&hash=item3bbaceefe8:g:yjoAAOSwEKdmY4xw&itmprp=enc%3AAQAJAAAA4CTaSY1KBugmGNar9cDrG6I6tHXOWEwLLq27PSKuZwZVguvj1mpipYtL6iG8FXmqyqzZ85gAfJhho9yKYX1LAixLtVY%2Bm5HMhuTZHObj69tO2xW3MidM%2BnD%2Bpp4Cqyr4gBe7sY5ZKstuajd2c5vtQTJfXlyQhUI3eUWw4h512%2Fzs4HUDrzP7wn0MYjy03fn%2B1e6UGeP1SbbKYEQjSuABNs9vowtcQqL6mY3%2BlkvCuJ6WHIESq9ds16th6CKPEM7fv0myxbJ%2Fg1XPJzTD2GWS%2BGOC93Bht9AJ3An6%2FBkKxtLN%7Ctkp%3ABk9SR6DfydX-Yw
32035474467708216112805621066558702608,Cotton Wide Band Deep V-Neck Short Sleeve Casual T Shirt Top S-3X Ambiance,$7.99 to $13.99,https://i.ebayimg.com/thumbs/images/g/HEMAAOSw5XtmJclY/s-l500.webp,https://www.ebay.com/itm/303001025411?itmmeta=01HZTNJDYACQK5QK9NGFJCQD44&hash=item468c44bb83:g:HEMAAOSw5XtmJclY&itmprp=enc%3AAQAJAAAAwA8V36fzXDOc628wIjLU9Bu8NXH2WglGeLIEDCYMPLNy2%2BOBkSLeP2TBFKECGOw958zSWMl6U9h5K%2BJ1eXJbBro78Pf5FIwymPibDqIbbvIinYZXQ25kQwErF7xv4G1ra1%2BUuxNzX1lLmp898okrRiem5EI%2BkcIg7rDHI%2FWUo%2Bk6VbUCpUa8kqi2hPFlyf0iLnIgcrrUo9qZTHeKt5ODSPhFG2FoWW39w1xPk3zGskxKaDPCNxWT5VgKZELYWvmSYg%3D%3D%7Ctkp%3ABk9SR6DfydX-Yw
317378435152442055836721480264422372174,Girl Kawaii Dress Japan Style Clothes Woman Cosplay Costume Lolita Clothing Pink,$16.93,https://i.ebayimg.com/thumbs/images/g/NPwAAOSwHgFkXfzy/s-l500.webp,https://www.ebay.com/itm/176395544199?itmmeta=01HZTNJDYAD53VW7KDE37M2JRA&hash=item2911fe6687:g:NPwAAOSwHgFkXfzy&itmprp=enc%3AAQAJAAAA4IR47mxT%2F0gJmWWb9spIn4PWR%2FPU3YCaSFhHjQYTuJ9PhEcxpx1W5oz%2BEp1aSJITqm94VuVy%2FniQYG9v%2BbO5lP7UtS%2FhwT8fO4EtvxmsP0hAfdJLU6hlfCiDIq6nTXixA0Ww%2Byomto7oVaD3ipZDNYJe4%2FcfS36ms4kxhM2DA74C9qrOAqI0ZSoKv%2BSnNLUyt3Qy0mYFIOKc7PC6XuHbvC9szisONaDfaKmd7NLHh0A41E5Hdx5vyry7rTuFFsGgEbHVfeaPovxA29Z0MtMIHX42LvbK5pJYFDgmU%2BRnoJkk%7Ctkp%3ABFBMoN_J1f5j
207747454574730724925932201532297850719,Slim Women Body Shaper Cami Vest Tummy Control Compression Tank Top Camisole,$6.79 to $18.79,https://i.ebayimg.com/thumbs/images/g/H1MAAOSwYgFmYrOe/s-l500.webp,https://www.ebay.com/itm/204821233710?itmmeta=01HZTNJDYAW28RFN1N7YQ925W6&hash=item2fb04c002e:g:H1MAAOSwYgFmYrOe&itmprp=enc%3AAQAJAAAA4BqWR0zon%2FSmYIOwh28VQ8X9ztDpLuHekoOMfmMkBHEvcd7KVVbl9wzBhwgZTPsNctiPvmLH1sc4JreeIuuLsA8Ve7Wj3vipjUOLdPaVN8oI4busSl0uQ6b8fKXhzfMYmZPDoj%2FQesCdW7QyFRDe2DYkI9jVe%2Fitk87ANAV7FINtDyjKfGd2X%2Fcv5QU%2Fpw493yEqbVZQx5JsEtUi4AYE88OcnVXUoJWAslTTDBJKPqpoHHyylUTm0Tq0FA73bNxICZ9rSbkkZYieW%2FUAJSihrgYjMJ4RhnjaOoCl8WOrEJaG%7Ctkp%3ABFBMoN_J1f5j
244120534484761726388069541179903380445,Lauren Ralph Lauren Womens Long Sleeve Knee Floral Wear to Work Dress BHFO 2293,$13.99 to $36.99,https://i.ebayimg.com/thumbs/images/g/~hcAAOSwaeFl5xoz/s-l500.webp,https://www.ebay.com/itm/335008809904?itmmeta=01HZTNJDYANF5FANSQFRK2RAPE&hash=item4e0014c3b0:g:~hcAAOSwaeFl5xoz&itmprp=enc%3AAQAJAAAA4P7Uowzf2CsPphy23%2BhI13fHarWYd%2B6l8J3SV834rFHhrvZoRV2XG21joeTpPGwgdhW1pFmVFLHmYlaQDoan9ilAOCXdCrW%2Fqmv5eiomGui3yMuhKPl7lzXaCDy%2BMwvAoLn2637VHOpo7H10dsV30sZ%2BCti8kZLi%2BrGQlanarrjGwCjDlxih00hX4MwPhavhm8HxGU9SDpbrM1tJd14Iq38oUMsmSjfYtMJVF6uZnnG42Aj6MIL0NXnHaAEAWJ6Q8RzAxQRPMgIXu3ADZQSgtBeDbotnQHaqKq6yj9zKuJU%2F%7Ctkp%3ABFBMoN_J1f5j
224199139570233880994643422386689495825,Women's Deep V-Neck Floral Smocked Waist Summer Sundress Long Dress,$18.95,https://i.ebayimg.com/thumbs/images/g/KR0AAOSwYR5kB4i3/s-l500.webp,https://www.ebay.com/itm/295556524047?itmmeta=01HZTNJDYAN979AMZTPKT9A2E5&hash=item44d08aa80f:g:KR0AAOSwYR5kB4i3&itmprp=enc%3AAQAJAAAA4JATp16ChuC1bWrNI7sQNPvRmDNHmRhR742HQ%2F9GOUCyYj5WcfZTl8NQAuTqVLqVcf4erEkfV9JGdvzG13OPLk5yhI87seH78S6q%2BfFoJmMdBzpGgK4gu6v%2FJ%2BeItpdlJj3SNK353%2BWJldFryND%2FDHC9vzTI1uWrIV5Mt2BjlV65R8a8UEULmUiT7S009Ob1yFT7u%2BrRRfyvD%2BfjPo4zoeFxuqibRmcYOZ5NwIxiyQmokucYKxzrYDu8KDGXFrLlmqrp%2BMqjobPdl8dFpAGf4Q%2BNYFKDceTDihlZOpVvG6G6%7Ctkp%3ABFBMoN_J1f5j
185254615658840582767224031815237975413,Women's Moon River Square Neck Tiered Puff Sleeve Midi Dress Pink Size Medium,$24.95,https://i.ebayimg.com/thumbs/images/g/fq0AAOSwmllmY24f/s-l500.webp,https://www.ebay.com/itm/315423765554?itmmeta=01HZTNJDYACMM6K2A2S6YYVP82&hash=item4970b8b432:g:fq0AAOSwmllmY24f&itmprp=enc%3AAQAJAAAAwLa38bll6Z0I0YqGtYqifrLcZj83Dci%2F2f4rTX7c77tFx27UZvtZJNgygbqtSB%2BAayp3QqtTIxF18v7I1K2aqGibaIv6zEg7jq6andbZVU1DsgRmLjLo0KxRvM2S%2BCQfPbBXMYlqgdvYMGqxexC4plHEs1EQBgmJEjXd7wFy9YjouzRpppW%2BFqCRQRjvDShFaJMfcLhtOj8%2FWt3d8r5d70X4E9Hhma3CK7oqB2o72%2FFnNczJFXyswreGOSXctRWKQw%3D%3D%7Ctkp%3ABk9SR6DfydX-Yw
78263594140203456130421115409601178252,Womens Scoop Neck Cotton Stretch Long Sleeve T-Shirt Plain Fitted Slim Layering,$7.99 to $11.99,https://i.ebayimg.com/thumbs/images/g/gRUAAOSwLiFlSUL6/s-l500.webp,https://www.ebay.com/itm/186158378450?itmmeta=01HZTNJDYAQ06EK5QTYKDSK0NP&hash=item2b57e76dd2:g:gRUAAOSwLiFlSUL6&itmprp=enc%3AAQAJAAAA4MSS9JdSlWQKOIUxE5JH2e9ObWR0GolJqB3cazZDp6LivAMEysgmiVQNGFsIy47xwXzJ9KUa03Pmeo6pTEdNqN5utrzcfL1PUy%2FrGjl2%2FLYSSEZeiZdf%2BiKuXyy5Qx7sXdFRhfynhKlapDGjvAxkugwTup6BB3TToGeY8BKgci4htmKhXl3H4qklFn9zpOgI%2FEfCpV39ZArb7MuA9mfsw0IkuDNAj1xd0v%2BgfWOaTFESb8ZS41o2OW%2FXGCHGLFMb2nYJcF10PyD%2BpTLd5rfyy%2B7wlVB1OUIaN1uMS3Xi1xpB%7Ctkp%3ABk9SR6LfydX-Yw
168577521899885238442720640397615678554,Calvin Klein Women’s Sleeveless Black Stretch Ribbed Dress Side Zipper Size 22W,$19.00,https://i.ebayimg.com/thumbs/images/g/CLMAAOSw5MhmYlsm/s-l500.webp,https://www.ebay.com/itm/266849897088?itmmeta=01HZTNJDYA3F2SRTFBRWP30B51&hash=item3e217e4a80:g:CLMAAOSw5MhmYlsm&itmprp=enc%3AAQAJAAAA4DiWcqHPj14XhL%2F5S%2FKz%2FqSmCvjm3zTyS6piTikxykRSvGfXaYPrPqSMq6kmS4UA7xpuTQgwbfFIqO3cQlty1M%2BChhRclqzF2dJ9eitl0jc8bMLoz4%2FNf0dU%2FtQmdeQFMjqnb0iswvYmfJ4ySiqEp5sKo58qgu8%2BQdiOT6X6yOX4wgz6Nij77yhwTit%2BjxJ6NNW1hR7n%2FWcYwoPk0HNT%2Bbl6HQEahcPoC6fXg3qLTjV7RcFskClmlYkiJLkPSVWYU8sABnzTvyPqTSPQ1CWghFZptSmLysVVQ%2FAEYPrvvowh%7Ctkp%3ABk9SR6LfydX-Yw
172527803257381193897535716649436441475,DRAPER JAMES RSVP Flutter Sleeve Wrap MIDI Dress Large Satin White Floral Womens,$29.99,https://i.ebayimg.com/thumbs/images/g/KNsAAOSwKaZmKGOG/s-l500.webp,https://www.ebay.com/itm/196432724720?itmmeta=01HZTNJDYA6TEG4J8XTHBVDSE3&hash=item2dbc4d82f0:g:KNsAAOSwKaZmKGOG&itmprp=enc%3AAQAJAAAA4OYeL5w%2FLrR6asKpBqLuqhAGIA%2BGG35u6%2FMDIc49A2EMSK9wmyl6OE4fxraPyhJiegO%2B0eMnLw7EoFQw1T%2FtdGxUAVEVxwJ%2BN8zM2Y8MhYI6QGCYlSAD7WPLQheZutnzkt%2FFFiEbwa0oov5J7rEgpc4W0lwEVUqWK3tawfF65fdOIumu1QVoFMwQ6MsNHA8OpZN1KxaMP94tMWCNjYeXRoi777qICeNiuYNUv76omKQck0zKn5h4WrVILSn2Zal0zlBhN3mQuq8olOKBHBivB2YIJWtPTy9yC0r8TVnyxJ0j%7Ctkp%3ABk9SR6LfydX-Yw
285675712527006797364816701047733969910,Womens Mini Dress Deep V-Neck Long Sleeve Waist Tie Ruffle Green Color Dress,$15.99,https://i.ebayimg.com/thumbs/images/g/qmUAAOSwSF1lyxN7/s-l500.webp,https://www.ebay.com/itm/266671971340?itmmeta=01HZTNJDYA4Z3AKSCX1QS7JGMQ&hash=item3e16e35c0c:g:qmUAAOSwSF1lyxN7&itmprp=enc%3AAQAJAAAA4LoGFQ97%2BaOqVKgAl%2FmGRGIbd4LbTdJ630XtWxAmFrBsi%2FsCKzZqVx0MGOnj%2FMMmHh5wSgPia6UUXOGqhToQhTTzc%2B9NnDKlyl%2Fd3tF2msq21%2BIHVb%2BcDiVpfQSBMasPhQI7UoQwihnDxeKKLeHKWFVd9CR%2FXOlFXgedhSRqjG7H60UAvXFbKeCr46rxEqIDnsG%2BzML6BhSSNzHGKLjWB9sncdLFJLIrouOIreZYXR0JYUymfSDLWdrWR3xESAa6HhNqsWbyxqnehoeROgTsSUClSCvBM1XqPtFPdZGSNKJB%7Ctkp%3ABk9SR6LfydX-Yw
86335124878647495553181508063898740214,Herron Dress Clothing For The Physical Xl,$10.00,https://i.ebayimg.com/thumbs/images/g/rM8AAOSwrOZmY2o4/s-l500.webp,https://www.ebay.com/itm/266849711843?itmmeta=01HZTNJDYAMM59Q50W82TM8GQ7&hash=item3e217b76e3:g:rM8AAOSwrOZmY2o4&itmprp=enc%3AAQAJAAAA4CE2qrBo15PJZkepxd%2Fj%2BA1nbsC1zTbNuY01tt9yDo09EX7XS1o1B9zJR3io%2BWl7MalCSflaq0JfJu6x3z1UEJLm32kHnssMfWsj4dPiyWnHBKP0zaIPSzVxzM3Jm%2B6EiFYjtWuvVdLILJowt0n4JXPc50izXzuUSyq%2FyBfqZNEvhJ6nDxSNVJJENRwp%2F8wM4SHi9D5eXN9TEHVxRrDwVyXFVePOJpmJlyi8ti0Q2dmxXx2usD3gXY2OwBzlyQNPgpc4vX8mTolRHCGpaz2N6UhueAP8TP5QQ9ia2KTJjAeb%7Ctkp%3ABk9SR6LfydX-Yw
68807881540569338258805970455697520427,Next Level Apparel N1540 Womens Short Sleeve Ideal Lightweight V Neck T-Shirt,$7.48 to $13.41,https://i.ebayimg.com/thumbs/images/g/bBMAAOSwZPxlbu0-/s-l500.webp,https://www.ebay.com/itm/386361210949?itmmeta=01HZTNJDYA012DC0EWVDNWM8YQ&hash=item59f4ec3845:g:bBMAAOSwZPxlbu0-&itmprp=enc%3AAQAJAAAA4IXZRM0jR%2Btd86AiQ1RqsMMSrc4l332gn8%2Fjv8%2BNcWPeAuw%2Fu6VCYaqOR4s1XoKSccL6GT4Azm6EuRdAFnGkrnA5xhGonQw9rjGq2P4xuSR6ATsax1tNiRdgdmEXJpClpvbESV2lERQNHxM96qKU6WCrOSY%2BSxG1voxKkRK20%2FoR2MNuLG8o0%2B7fEMi1rBvXxLOV%2BHpmaWRsBVoxh9JBmJ7U71bj4lSZmhy6hzPIms56Ee7WSSmsDT4osB40KeHdb3LpbxpNpWmM1%2BcTWmfnlzk06jWMC8RD2AVbUZZgf6Ku%7Ctkp%3ABFBMot_J1f5j
105919378004539188641877981583890593829,Tranquility by Colorado Clothing Ladies’ Skort Skirt | K21,$13.60 to $16.50,https://i.ebayimg.com/thumbs/images/g/p60AAOSwomdfZN6v/s-l500.webp,https://www.ebay.com/itm/174869973455?itmmeta=01HZTNJDYAS3E529KHMA2EQZCV&hash=item28b71009cf:g:p60AAOSwomdfZN6v&itmprp=enc%3AAQAJAAAA4BiFP8Xe38P25enjv%2FKbzd9L%2BR4%2BXYdE1PHqO4arYlsOquVa8OIJ6TkgBXSNzQ85Sn8qacVENRCjBlA15Sj31JeBiZ%2B4z5%2BrNAs5DaJd47OmTyVWHavYWO4%2Bi2kvFTFQ2bD49a5fFjiAmNrCb1wpfzBInAUxeG9GMxHaNW3GpFTfzuBXxBKuI8ohLVHdGKG2Miev9QAuT6fweBf%2FgFwejr8xTi6z9hYbQe%2BDl%2B5Hsdahw6P6o%2Bwyg7L58jhXxOmqRuYEPNp4x1Esu6HrOFUO8K67dA4vcKE9IrljSwXlZcuu%7Ctkp%3ABFBMot_J1f5j
88597102445292328457594004310378144574,TOMMY BAHAMA Women's Short Sleeve Amira Stripe Short Dress Size L Grey (New),$28.00,https://i.ebayimg.com/thumbs/images/g/QBIAAOSwOZpklvDK/s-l500.webp,https://www.ebay.com/itm/385685893903?itmmeta=01HZTNJDYAQ2Z2WY1WS3T3S986&hash=item59ccabb30f:g:QBIAAOSwOZpklvDK&itmprp=enc%3AAQAJAAAA4LAeVD9XyJBr7qpnf7tW8b%2F3P8ErmPubmzm6EsIS1NZ6w4pfuUvQRhYzzAKCH2ppKQxApsDbr16cseaLo4top8Tm4teuetqx9vAXFka0YUxc1K97TZArZs1b6P%2F1YcsJ%2F73Mg6YqJV5bccoPnpzmX82%2BMywk3iviOLLkCx95bTBYjnwgpmRdKLv7LJTOhBgkMzom53yWNbbfm4W47%2BAbKEDHRyQMQzC4DDyDW9KvpPSS33e1ydSp6ye6kVkACewfNv02MwfA8ifXd9nffmcJ3gM%2FyyO89K51NIb9KRBioMP3%7Ctkp%3ABk9SR6LfydX-Yw
192553890811616743054100273840393871828,BLUE EMBROIDERED SWIM COVER/TUNIC DRESS BY ONE CLOTHING FOR ANTHROPOLOGIE ~ XL,$7.99,https://i.ebayimg.com/thumbs/images/g/UGEAAOSw6ctmXyUL/s-l500.webp,https://www.ebay.com/itm/145814307527?itmmeta=01HZTNJDYATHGSWHKBWV62ZMG9&hash=item21f335c2c7:g:UGEAAOSw6ctmXyUL&itmprp=enc%3AAQAJAAAA4BYt0NcgOdEiiBjTRoDgO%2Fxga%2F8I0a4%2BlL9HVSNP05dRmdLUuUkueIf9ZWFILi0L10ughJI2E6Rvx8BCg4n5f4OXMEhbIkZEO997tdlEQVRs6%2FdMu8iAlARap9LGXUyNnGMjIiTMcUUeQgmU4E8f1lIOcxxLMSDjJ7wV9wemgXbm7%2Fg2Bb8apnyNAjbyWV6w1TzV3OxJeSgG6Qpn0MRAeKg9Neri2J%2FakC0885%2FImz6ucMuduav%2F3D0ubmr0HN5FIcG2oUX1JxxWzo32X%2Fm%2BJjrINydi2B6E0ku23aQheEox%7Ctkp%3ABk9SR6LfydX-Yw
228529528146667113313568559826540250661,Womens Soft Stretch Cotton High Waisted Leggings Long Workout Yoga Pant Fitness,$11.99 to $14.99,https://i.ebayimg.com/thumbs/images/g/VwMAAOSw96Fco9tQ/s-l500.webp,https://www.ebay.com/itm/182436883624?itmmeta=01HZTNJDYANMVB41CF8A3KQ1WZ&hash=item2a7a15eca8:g:VwMAAOSw96Fco9tQ&itmprp=enc%3AAQAJAAAAwDxeafnPdNMPbbw33%2BX7ktZxumuTDev14lIPp%2FTADfIIeBFOLzMSeP808vhiFOC99CzjhwBRNexYr9Li7NaYPcYddX6K4TR6vh018zchXU13H%2BNYTPV5bML1SuZQZi3IFpXtLQq9EsuRyuOyRQZ9ufnQmqjWeAKBX0pdpfeC6N0iEZ5YjHe4jTzZxsbaiqeKg9YiWVZP%2FyCLVSOLrDgZqRsJuzKM1Q3%2FKx915lAj9qYhugKxit4aJhI4ljll9ppxzA%3D%3D%7Ctkp%3ABk9SR6LfydX-Yw
171158811856129106996253369931643002422,Los Angeles Apparel Black Mini Dress XS,$5.00,https://i.ebayimg.com/thumbs/images/g/4SYAAOSwsttmY5cP/s-l500.webp,https://www.ebay.com/itm/326155183931?itmmeta=01HZTNJDYAMS7QDKR8F88K9737&hash=item4bf05d273b:g:4SYAAOSwsttmY5cP&itmprp=enc%3AAQAJAAAAwIq4RdkBg%2FKSV82SkYCf1BybdnAe9CzGOwpxpLuOjp2MLeeVo3IuBRMTA9FPZQ9qdz%2FuVO%2BREBiaQBdILyDFaZFoJqm6mKct3XDfysPZb92XQpFCvFH3qN1xol51SuaN%2B%2BD0WdyJabdd7S6Dek%2Fni9arHjf9XTsQ%2FBwQBzwdY7Hix%2B5K0Tka9tl74YrwXe9qwptU60fIpjX4NnI1Qigh80cnrw08X5C99ZzRQDsoNHP1KSUDdGuh9NqS8HitKg%2FXmw%3D%3D%7Ctkp%3ABk9SR6LfydX-Yw
272018955082328387254366990958910246055,NWT Bloomchic Dress Butterscotch White Polka Dots Short Sleeve Plus Size 12,$19.99,https://i.ebayimg.com/thumbs/images/g/xs8AAOSwtu1mY1Cc/s-l500.webp,https://www.ebay.com/itm/176413882619?itmmeta=01HZTNJDYA08MQBKTXFEYZ9WWR&hash=item29131638fb:g:xs8AAOSwtu1mY1Cc&itmprp=enc%3AAQAJAAAA4H0tDcZzt0bPMVMRJsQ3cjLW2U4H7DGY%2FFeZWwSpHWAQhVLPBidUTCTz047hvK7Is7CQXujoGIF80n1eMIecoStE9XvxojH0ktykUZwT7qkS6te1xgu3MPXLAzYko5HhDywRd8D8NtdOgS8Nl%2FFeS6R1GRGK%2FKw3XQJOhZxDM348Flne%2FF%2Fw1ACJx3Lu53V7daey859WWroA7TnHUxz21gkr7LcbVSJJxZLtxWoBslfV9BBSR24T0Cqlk1604MEmDyps3dCfKY4b5Q13urDF8%2FYyl6DDd24yo6g%2FuOFpHio%2F%7Ctkp%3ABk9SR6LfydX-Yw
336761934057612925631046234769921552972,Rebecca Minkoff Women's Colorful Silk Sheath Dress Size Medium,$29.04,https://i.ebayimg.com/thumbs/images/g/NtYAAOSwMeJkZFA5/s-l500.webp,https://www.ebay.com/itm/186478418717?itmmeta=01HZTNJDYA5YNJTA34C9WKHW98&hash=item2b6afadb1d:g:NtYAAOSwMeJkZFA5&itmprp=enc%3AAQAJAAAAwEFFrPGXykwrSa38uyefY%2BuwrQeG%2FEfLPvmOpEW%2BeApECYrNoYujIkJwJNw1rsI0QCJm3TdQu9Rp%2F0IHpabVw7zgmNPPA33qKeiGISB%2BRhghn%2BX7QS%2BOvZvALwiOIaCAfXdWcZ2xlbThsM3F5INwPKdl7DoMsHJmaAnBvyfNceW7FHbKpKsMcpNHKioyQpDbZzAYZRWG5ItUwZpMQq6Y5Kixetqi4gYxpnwLhwpVlfDl9bv7lvSz2j%2FpGezSfYjWaQ%3D%3D%7Ctkp%3ABk9SR6LfydX-Yw
172254491692725455566395361793667602743,womens dress size small S 4 or 6 petites misses sleeveless print clothes,$12.00,https://i.ebayimg.com/thumbs/images/g/opIAAOSwzHRmY4ro/s-l500.webp,https://www.ebay.com/itm/126519110864?itmmeta=01HZTNJDYABDA35TG63Z9Q701W&hash=item1d75206cd0:g:opIAAOSwzHRmY4ro&itmprp=enc%3AAQAJAAAAwNiK29ug80vrGQQ0tCLgrbJRSvz%2F0bcmkPAG6Vwa8Fyi1O%2FmKbW2DsSmYQ8Gov%2Fz%2FcU4ZjQ%2BKAbVcniGqeUwQifMh27h3nsq5ZyLqvWKLB5DUpAqR9ewpz6KTkSQsxQilUwZvSXUN8JW9rVmf90TuyvbiV6nZiwEocDRj4xV9XhzE%2BcTdcPfEvCR7oxy0j4abVqQ94LGKDGxTh1qAa7n9cIjC9r0Dq8avTg2qV2x6d%2Fk4%2BN87uaHTEluq9G1J3YSzA%3D%3D%7Ctkp%3ABk9SR6LfydX-Yw
333033670666749770104091175719725292160,Sz 00 Lilly Pulitzer Pearl & Ryder Shift Dress Lot Crochet Detail Pink Blue,$0.99,https://i.ebayimg.com/thumbs/images/g/BO8AAOSw-ZxmY4vX/s-l500.webp,https://www.ebay.com/itm/395455755107?itmmeta=01HZTNJDYA7H7762S88MK5X3HK&hash=item5c12fff363:g:BO8AAOSw-ZxmY4vX&itmprp=enc%3AAQAJAAAAwHQrbgY2nvOTDRIjCQXXcDLzX%2FOI6bp7P46RdLpLgOqkzmz8NJZk3rNjZCjASCrkUZfG6ASfdocGefz%2FpQKNl6dckYXdSi%2Blj7iyRjEsePC1GlrSIogfBWlM9Au8RzXMO%2BstFF3hdWZrWUId%2Fc0skBO1%2BHT9dv9WRcDOw%2BnnkzEKVF2Y4u8g20e66zfJHUV%2BPSQBGOdzJsBmmv0EcuQgu4QXBKbwhPm5CxZ1q2oKJY1q2vFXX%2Fd7bEQuTTWpZCA6aA%3D%3D%7Ctkp%3ABk9SR6LfydX-Yw
173472815303812997149889766808558497794,Almost Famous Womens Above Knee Tweed Wear To Work Dress Juniors BHFO 8633,$10.99 to $14.25,https://i.ebayimg.com/thumbs/images/g/gR0AAOSwgtFmKweI/s-l500.webp,https://www.ebay.com/itm/335366210063?itmmeta=01HZTNJDYAP3G8TDB1RRVRVMTD&hash=item4e1562420f:g:gR0AAOSwgtFmKweI&itmprp=enc%3AAQAJAAAA4HjP42DICGQXOFLpSLBllGnNUYbgAb4HxfO1omaCPn2cPLWh2i%2BhfH2xG%2B780t1GNpz6q2DaHIjmDbn9%2BiWOU62Fr1vRvKs8l3z%2FOCe0pEXhcZa%2FWBAdD864QuCjn4e92F%2BWZpTnpARHNwy6nlA4jz7Y1aRvKLFgQf0ADmovewVDZadUACwXWFnUGRbol0R%2FEnLrzmdF3W5LUcXasHYLLyJf91rvan3P%2BzkeKOlfC2yu63nPB%2FFAt8ck4EGLtthtbnDJwwCFqGwFEuyVPST8gH2wpsweAdB8ftl7a5bwltfk%7Ctkp%3ABk9SR6LfydX-Yw
256687051616308240715404882293513846971,"NWT Gap $98 Women's Lace Cross-Back Midi Dress, Black, Sz XS Petite, S",$35.00,https://i.ebayimg.com/thumbs/images/g/mU8AAOSwOVhlaKbw/s-l500.webp,https://www.ebay.com/itm/266555954143?itmmeta=01HZTNJDYAN1MTYPJT3E0KX5WB&hash=item3e0ff913df:g:mU8AAOSwOVhlaKbw&itmprp=enc%3AAQAJAAAAwJ4piM8X7SmaBCmCDPaTdlJ563JMH05ApHaZ90TIp1rzjcTdNEc5KNDx9hl8JGb6%2Foh7g9upn9CUSW6KOmyS9xvk0DC7kYKFGLWIuD01KBoojksRhcGZqt5MC5Sj%2BjNfCdlErHs7yyRVPwUy5exNSI3wh5bdQOmmTSTsaVumAy5w5lReeAvDtOg93La%2FkpZEQuTPCj%2Fa67wetNDInKvIh1IfuN2iXq86f%2F2KXkwSLukrOU2%2BeP9fNMSTda4RSDwc5A%3D%3D%7Ctkp%3ABk9SR6LfydX-Yw
72165115781653157315133599710428984806,Free People Pinafore Jumper Dress Black Womens Medium Boho Texture Button Back,$26.78,https://i.ebayimg.com/thumbs/images/g/8JgAAOSwSKpmY2S4/s-l500.webp,https://www.ebay.com/itm/355774578052?itmmeta=01HZTNJDYAWT66QSC8QGPFT8MY&hash=item52d5d13d84:g:8JgAAOSwSKpmY2S4&itmprp=enc%3AAQAJAAAA4G2lrD%2FsmGU9s%2F27Xoh0vXWmlIlGLtPPg1JKH2OYQj%2BhsXJx%2FEQviA%2Bt3i8D8VYNQ7kY1X9MMk1DjtNcn9mpfb2HVWHspEZ%2FlL79lCL1e0CPBywWsXcxYrz7Udp06pdiiuIlxjFCl4ncop1Qz4kSNUO50zbpLV4Imr1adCjXMHl%2F7UaMQ0yKwn%2Bh%2BTS30y41o3uQ8rqShjiZnCUAFabFyGc24M7vAjMfO5SOpSHnnRZi87Efz8MFb6jTr90984QNbakPcBI7bEBYrwlR1awTAbnTFO9gsGxYCLOjQKfut9kd%7Ctkp%3ABk9SR6LfydX-Yw
269018581624759780798122266220706674795,$455 Johnny Was Embroidered Button Dress - S - JW29720524,$175.00,https://i.ebayimg.com/thumbs/images/g/Us4AAOSwtRRmY4Ee/s-l500.webp,https://www.ebay.com/itm/276499344945?itmmeta=01HZTNJDYA289GP1PF78DWJ381&hash=item4060a52e31:g:Us4AAOSwtRRmY4Ee&itmprp=enc%3AAQAJAAAA4H%2B2EG%2FzRMBnWrhTTClPHbgyNRoYPhCOGIipUVeM2nDDhVKuqjTbRDx9URxIuEBxMNwedHyet1ivYRhUKxfEO%2Fgh0S3EgrhWMiKvrzthh%2Fe%2Fmd2uo1RxREv8X7c%2BHotKABKsFLGexZO72zOGxYPm5oIViASNFi%2BYdh5NXBTcQASYQbw2tYn5968bUeJmzju8i6IR51Hq9zJdip3u5jxCK2%2BtysdTtWh%2FFcBx464dyAz5NZKYgytAtw3QPYaOu4MSUiCaYPMg3ePtnZlSIRtgd9ChNAm3eD7OBnysygAW%2BCXC%7Ctkp%3ABk9SR6LfydX-Yw
211617282844099312024037715759161390741,Ladies Black & White Periwinkle Dress with Belle Sleeves Size 20W NWT,$5.00,https://i.ebayimg.com/thumbs/images/g/c~AAAOSwdkhl33wI/s-l500.webp,https://www.ebay.com/itm/375469241706?itmmeta=01HZTNJDYARQK2PW0GR8Y3YH4J&hash=item576bb5f56a:g:c~AAAOSwdkhl33wI&itmprp=enc%3AAQAJAAAAwB2Juln8Yy%2FVKfVgCL05XGhIfNNNGULNdiwKUCWOMvalRzTlbIl21ml8kZoJEjqd9v93dFt7vvsogz5wqpKVbqKD1OkpFPH13Nm9Vj9rHnQ8Af4zxcyq7JtTEM0zIt6Jqx220KAWbgeFuG%2F64Yf3%2FNLPYidmT6lFn7mkEQC%2FJPUYZBad4q%2Bwy0gTzfp%2Bvc5LozUG%2FPWeRlfoPEmVL0Te6zGpPpGxSHRHeMKn2dL2kALR%2FqLUKoqRPGUWGlTJHMnfcQ%3D%3D%7Ctkp%3ABk9SR6TfydX-Yw
39930144981026685645488445433337635861,GRAY TIE-DYED EMBROIDERED SWIM COVER/TUNIC DRESS BY DOLMA FOR ANTHROPOLOGIE ~ OS,$7.99,https://i.ebayimg.com/thumbs/images/g/BlYAAOSwo49mXyZS/s-l500.webp,https://www.ebay.com/itm/145814312891?itmmeta=01HZTNJDYBPJNRQSFDZH07GHCE&hash=item21f335d7bb:g:BlYAAOSwo49mXyZS&itmprp=enc%3AAQAJAAAA4C1qS1XCxClsjl%2BT8wDh9Gxl02N6yMGJmng3awXKD4oE2TjMWOfMPJZBf68flGwMLFeHO9mR7r6S8LQ9XOCqJSDFdrOrUMhS2GT%2Basn2zk7%2FyRVfKU1GSaQKi3aJxM5ghXjqqKwMnfrTB093ZVOiP9Nmkn39EK%2BLbNRILtWZ20SHvU188LD%2FNGRihxwkbkZMQVI3HBWQuVYKRbxhbPlLAxod7ZQNBM2pfpwkymMS0Rn5HuAM1AVNLEZutqOlP%2Bzd%2FqoRPOymIc9dvTrJGdgx8V90jYdAzGVM025p0DSgFhcV%7Ctkp%3ABk9SR6TfydX-Yw
297781584387003827191272293282345041638,womens misses dress 14 medium M blue black nine west clothes,$12.00,https://i.ebayimg.com/thumbs/images/g/i0cAAOSwc9xmY5PL/s-l500.webp,https://www.ebay.com/itm/126519148327?itmmeta=01HZTNJDYB07NEA5CPNJDNJ0FB&hash=item1d7520ff27:g:i0cAAOSwc9xmY5PL&itmprp=enc%3AAQAJAAAAwGCrIwevaYGJ3HrwSuCbmYXW4IP%2FKnucLV0m05bT%2F4VzIlAWyg8Dd7bk10%2FO3SZpaI2mE%2Bxn5w0mC8EfESseXZn2GEhLZ6G6V5kFbkevz6bEbIyDsAcmng8A2xO1kgoR8l40ynHaMU1eGDo0%2BFzzlwPEh4rrGCD4c1EVKOnTprsM6JSB3ZitVhya2mbQ%2Fy0H41AcfvmAtwhXy9eG2pcxBka%2FQiZLnWccOfkE%2FCg5Kw286%2BYNhwe80M7Z%2F3b7Lkeb6A%3D%3D%7Ctkp%3ABk9SR6TfydX-Yw
161322866731953372042797977177174123237,Sandra Darren Women’s Dress Size 8 Polyester Spandex Comfortable V Neck,$10.00,https://i.ebayimg.com/thumbs/images/g/dD0AAOSwWBNmYfKk/s-l500.webp,https://www.ebay.com/itm/405021471388?itmmeta=01HZTNJDYB7R5Z033YWW0W4ZZG&hash=item5e4d29329c:g:dD0AAOSwWBNmYfKk&itmprp=enc%3AAQAJAAAA4HYz5Ok45vWDSWzguhPB0%2FFSmVIJz%2FQT4G7VviswVfrHfdO8R2K28thK3t71KXn4qoUTnYcFriwxj0q5%2BEofSGzVlfuSK0Cig0dqdifL4sw6xiPBSr%2Fg8rp7bdm76U0IBzkiDETnNRxUk%2BO1ECMQjT%2Fj2AC8sup0ZEdSLue8TJEIcdKJbTm6%2FlGqqFad2K9k1j08LeadIIgSbbEiRsJ5NJASEdjVt4p0VhFUxQP2QCMav3PUiI%2BZoRzzcMbfNFHbRB%2B%2BSfXG3kiOJW1hZLd4t1NLbWZzMUFKSnsCUCIc5qvQ%7Ctkp%3ABk9SR6TfydX-Yw
274746288968792874918480095541844499622,Haute Monde Sweetheart Neckline Sheath Dress Sz M Sleeveless Beige & Black Lace,$11.85,https://i.ebayimg.com/thumbs/images/g/9lMAAOSwwgFmY3fO/s-l500.webp,https://www.ebay.com/itm/326155045665?itmmeta=01HZTNJDYBSA5RKEYA1WDBVH43&hash=item4bf05b0b21:g:9lMAAOSwwgFmY3fO&itmprp=enc%3AAQAJAAAAwFzDJRbo2m0f2PhEiO5sUvi%2BF4nFRF4FIOU2tEbMCGhkQCo76uE%2BmJsGBfSxXU1nOLk%2BH3qMAu8jrbiLx2iN5%2BKEHoB7dE2364Gy6CL0KbjquxlBOowMmq2k5LAaoKW2HycR4aG4slAyoKP1G5RFEGvEgur14K9tdNEN7jBidRACz%2BayQhc33dZ5MjY59EKjrnoFilI2%2BI3JKILEwYu7N0CPfYBubYmB%2By6JeD%2BRyRK2tlL6fuy0BJvawrZ5Q%2FZpdQ%3D%3D%7Ctkp%3ABk9SR6TfydX-Yw
151976425376943038114129650854213642820,Dressbarn womens 6 stretch knee length half sleeve black beige zip knit dress,$9.50,https://i.ebayimg.com/thumbs/images/g/HaIAAOSwv-ZjEQgw/s-l500.webp,https://www.ebay.com/itm/296487129850?itmmeta=01HZTNJDYB6X874BRX3J3BHMS1&hash=item45080292fa:g:HaIAAOSwv-ZjEQgw&itmprp=enc%3AAQAJAAAA4OXJon4nL7E9W0vnSiwxVcpQjapOpWi98hzlQwonokIbtl%2BBpBxALC2N%2FuDxzWp5l4kPXn6EdgsH%2BCGpIUaj7tY4paK%2FL51m7rJ7itlVLVhmJ2IwoOD0pXWy8ss8iufUPuZkXYxsAUCvFiwEoVK1k8c3uAgL%2B2NvCf1wnSJfBSt%2FAsgIp9K3pdmYCWGEz5GKQg6nzgO9vDBl2y%2Bw260j0JI57KjcwZh2O%2FMSosnYvOPMYIWknEvMUZ1cAiGG1D7uCISOICGjBvHWQR6w2ccQ%2Bn7qiQ0%2BIWzFL%2BZXzhuMqNoP%7Ctkp%3ABk9SR6TfydX-Yw
238790664810384235900389678059905840489,Women's Summer Boho Floral Midi Dress Ladies Cotton V-neck Short Sleeve Sundress,$16.54,https://i.ebayimg.com/thumbs/images/g/k68AAOSwtyFmNr-7/s-l500.webp,https://www.ebay.com/itm/176395754860?itmmeta=01HZTNJDYBY1BBTXFRWYX6R6YF&hash=item2912019d6c:g:k68AAOSwtyFmNr-7&itmprp=enc%3AAQAJAAAA4JVZ12LuFmmSvzZnSiwnHsKSR15%2BzTL6ptbE%2F4uhWfF9G8Tp%2F6O0HGtNQHkcRFviCg9ZzKgjNVXVW3kw0Ta7odfiDrx4P2LuEM8b2vXMWp2I049tqDszQScgal%2BfmXxBkvHNp%2BxBN0O%2FNKLrFx0ziavQn%2FU1evAaTX2Pws9HL8wv4Zs%2BkX7EICkXvYhFfOVf2gJmLq6veHA1GkFW2dyMCzy3xQXfNTIVgWuyqRB2R0%2Frl3eRRLwCTCkLZIdXqtuI0EeScfb%2BGY8NyqDs%2BR5aSOHOiYZG%2FxbBsxe707U8FPN7%7Ctkp%3ABFBMpN_J1f5j
78151807004542268825838852362545393499,Free People Adella Dress Dupe Size Large Purple Slip Summer Smocked Ruffle Boho,$46.75,https://i.ebayimg.com/thumbs/images/g/WowAAOSwvmpi1vz4/s-l500.webp,https://www.ebay.com/itm/256465938175?itmmeta=01HZTNJDYBEX2S2Q8YK4XDQ738&hash=item3bb68fa6ff:g:WowAAOSwvmpi1vz4&itmprp=enc%3AAQAJAAAA4J8CYablk88%2BMQKJR%2B%2FCEFGwwWqgYAIESbIwSaWueYyyhPyJFHlH61SvabCF0uC1vNlReGoOWX7M6ds%2FjeAKawCs9gflFakz762rlDwvxnh6Dg20OvfF%2BKy9VeTOTjJTky0%2FaH6c6r6TNsGyenUS1ryiLGXAHxGNF10WTev42%2F3NLoyiDcyvXxo4qJA%2B3k8vwc80P4g2U53AggHlM5gTZUTXbgEya1Xjdmd6xW1HDgd4I0fqbJGE3FEZgGjOmYs2UzgdyBBdhPirZAmjawTt96T876gsgh9QmBvI7veTixDW%7Ctkp%3ABFBMpN_J1f5j
290281992204570223980938359481915844639,N/A,N/A,https://ir.ebaystatic.com/rs/v/fxxj3ttftm5ltcqnto1o4baovyl.png,https://ebay.com/itm/123456?itmmeta=012DEW30YG0MEEKND7NH&hash=item123546:g:acwAA9KNiJowH:sc:ShippingMethodStandard!95008!US!-1&itmprp=enc%3AbgepL1tlUHjMGCVfSTGJh%2BzsVKeJ3CQk7NizDI4BZeppuFnmyS6Ijyp8lh%2FnEw%2BWqO7uTV1Q6izE1R0T54aV8j71F4xlWfVcGft4%2FiOQhtqVXA1rW6M1atPARQRmhqUxtEPJKhKtSFgI%2Bvwlzb0GwVCtkp%3ABlBMUObkmabpYw
290281992204570223980938359481915844639,N/A,N/A,https://ir.ebaystatic.com/rs/v/fxxj3ttftm5ltcqnto1o4baovyl.png,https://ebay.com/itm/123456?itmmeta=012DEW30YG0MEEKND7NH&hash=item123546:g:acwAA9KNiJowH:sc:ShippingMethodStandard!95008!US!-1&itmprp=enc%3AbgepL1tlUHjMGCVfSTGJh%2BzsVKeJ3CQk7NizDI4BZeppuFnmyS6Ijyp8lh%2FnEw%2BWqO7uTV1Q6izE1R0T54aV8j71F4xlWfVcGft4%2FiOQhtqVXA1rW6M1atPARQRmhqUxtEPJKhKtSFgI%2Bvwlzb0GwVCtkp%3ABlBMUObkmabpYw
317141399245543877800869559660989989910,Cuts Clothing Men's Elongated Crew Neck Signature Fit 4-Way Stretch Tee T-Shirt,$29.99,https://i.ebayimg.com/thumbs/images/g/SLkAAOSwqAJkI9kk/s-l500.webp,https://www.ebay.com/itm/185493018454?itmmeta=01HZTNJVGE8EN113832BKB43BG&hash=item2b303ed756:g:SLkAAOSwqAJkI9kk&itmprp=enc%3AAQAJAAAAwDxGMvpk7yA9yp9WhWA0lyPnF3sk9NYUJK71GiZXx38QgQyb4dsN722YgEpsksm0dAqMze3zL%2BSk073EEUCP9YHsNSX8o6J4H7n67L4GFf%2FZUKxRDTsq4ICAasm3T8lM2ev%2FLsgQzbVXXcylxziyaFuhzDZEMKuEcFmVSUNsp4DenR2yD6rmHslUUesYDyd%2BNosWjuF68NOsivdoKyquWDXcqf4FpNpn2pv5eJuxTDyGeo%2Fd0P%2B%2BeSKLyzGCQZFUsg%3D%3D%7Ctkp%3ABk9SR6i4y9X-Yw
282139222637030520642260507562148808556,Cuts Clothing Men's Elongated Hem Henley Signature Fit 4-Way Stretch Tee T-Shirt,$27.99,https://i.ebayimg.com/thumbs/images/g/kPAAAOSwnyFkQOiI/s-l500.webp,https://www.ebay.com/itm/204039912254?itmmeta=01HZTNJVGE0251X07KX6J1NDQM&hash=item2f81b9fb3e:g:kPAAAOSwnyFkQOiI&itmprp=enc%3AAQAJAAAAwFvhVN9MNaB0zqj4FSUsQTu4cjvNGCW0KBoxwXYi8yvMpvE2V3ts%2BfFv01yGW3R9TwDzrsMRldQlIpyb1%2FdZlisKsVs%2FFXRUZr274om91nZ%2Fq8IB2UcO18qrjky%2FDggYVRn3WnWFJDaEHr5T%2FgPX0fucAtgEaY9FHoDbH5gOOFv%2FHGFHOb8OG4vZg86921m7Vjgb4hDnpo1%2FDI0RL8W8DeQK%2BO4lGNLvymeZpOX9Shs9bmfCoiLZ%2Fkh--d%2BQEkjrwQ%3D%3D%7Ctkp%3ABk9SR6i4y9X-Yw
253292414923450440932024613237346840167,Nike Men's Sportswear T-Shirt Active Short Sleeve Graphic Tee,$18.95 to $19.95,https://i.ebayimg.com/thumbs/images/g/-zgAAOSwh-JjL4r~/s-l500.webp,https://www.ebay.com/itm/134251613863?itmmeta=01HZTNJVGE4YDA3CC4YN4DAPTM&hash=item1f42050ea7:g:-zgAAOSwh-JjL4r~&itmprp=enc%3AAQAJAAAAwD%2FTxYH0QCMJVX%2FKcxcw4g9tJQhLHeJzrTCsn56bvpXHxvtgKQpZlNV0aN0smy27xRBbUq1iAFN4taoGJAM8DlBDrGhuUqTKpFqQta5XR4ZrJ%2B%2F71i3EMxOoXsfiE%2FKTIOcSSdICLDsHMSsSv6R0hNJEOzeW%2Fjaxx918%2BxWSINVD1D%2Forq8WO2Nl8BqOIuJz1mZ8Gc41pbRVfKr9b2SOlNhcCjQPwctjuHxBbIYyLqJkzinr4et3D19Bc1tmtUsW6w%3D%3D%7Ctkp%3ABk9SR6i4y9X-Yw
45303631153377301812268910758325692508,Cuts Clothing Men's Curve Hem Crew Neck Signature Fit 4-Way Stretch Tee T-Shirt,$29.99,https://i.ebayimg.com/thumbs/images/g/CS8AAOSwprdjtn4Q/s-l500.webp,https://www.ebay.com/itm/175350174876?itmmeta=01HZTNJVGEDCDAHTP9511B079T&hash=item28d3af549c:g:CS8AAOSwprdjtn4Q&itmprp=enc%3AAQAJAAAA4IZNi%2BCY8KvyXz6AeC9HjFSOBpoM5dqLVsnPyAxQHzgS6HZA52DOp%2FHvOs46y0Vg4GhHrDZd2vwjAnB%2B0FC8yIsUPPsEHq1hFDP2t1YMMd3T5Gza%2BXKh4W7NNP1At%2F6jTi1jOT0QkA3HqpwpfSY8cYevmMzEZwonxcYuEEHyXz9F3%2FY1hl%2FIfxIFJkugMTgw8osKAakn0lCnuvzS3J4Z95Rah75Uo2TAp8M82BoSy3wtcIRyeVuV8TY3IxE%2Fx2RTCzaWlGf%2BXe4wH7ovFchQGLbd3BziauFyNITueW2P%2FStZ%7Ctkp%3ABk9SR6i4y9X-Yw
250634704383248539554121693873289720951,Tee to match Jordan Retro 4 White Oreo. Prisoners Tee,$25.60,https://i.ebayimg.com/thumbs/images/g/e~EAAOSwzoVg33t6/s-l500.webp,https://www.ebay.com/itm/265183053455?itmmeta=01HZTNJVGEWSK5GEQY5SKXCSH6&hash=item3dbe24468f:g:e~EAAOSwzoVg33t6&itmprp=enc%3AAQAJAAAA4OkCK1b%2FyEiok456vIpAlxQFWHBoam0Zzm%2BvX28pg2ek3C5JqeZ6PfeSRSi4nERk0pLeB3R5VJgl5hTeTpzV2GMEXdiyyPPcNfblrlwrVAOJ1VucPQaLeiRrjwiGqUpzgS7ibhs%2Fe9ZEQbKliSYLKnX1UjKq%2BPISMJ2fd56MWPs11TJUs5XozmkszEdfCA0oZPbb46vVgH6W5B9s1PX7j1XBGGL5pJovHylNQujaSHfeCr%2FmQVmPC4C%2FEEP3QC7jMOmhyHRNyJrESLY4mScemGzALBvWeTstoRKDFsN%2B4MmW%7Ctkp%3ABk9SR6i4y9X-Yw
171374925728228351447537446719056174759,Men Casual Shirt Long Sleeve Cotton Linen Beach T Shirt Lightweight NEW 8 COLORS,$22.99,https://i.ebayimg.com/thumbs/images/g/wWgAAOSwcVtlTdRV/s-l500.webp,https://www.ebay.com/itm/314952791571?itmmeta=01HZTNJVGEXENF422VJF57Z1N7&hash=item4954a63613:g:wWgAAOSwcVtlTdRV&itmprp=enc%3AAQAJAAAAwJ1akz8kSePsoarWqrKT4gpfpTshTP%2BJ1s3PLSORKl%2BEvlTa%2FCUpHBz1JOLkCUAjaWWXYN6%2B6nNrCTaaanIec0FeWIqWAowheOal5ygi4OhCVBTGoYx6HjEq6D0XzeJxGn1cZBbk6hyLrAgyf7wq17JwFGFDC4fGiaNAUZdEcfnnGV3hWgpHNFtlAj%2Bu%2FHUYTTaY%2Fw9Iq4cbk29EqvEyy1%2FO3XB14BVxjsSjwSM48XZBDuFoUR2Gmafbe2yD4rdIyw%3D%3D%7Ctkp%3ABk9SR6i4y9X-Yw
309809308266707276084191729207895299616,Affliction Style Grunge Gothic Opium Graphic Shirt Vintage Clothes Fashion Short,$18.90,https://i.ebayimg.com/thumbs/images/g/xHsAAOSwllVlwAIX/s-l500.webp,https://www.ebay.com/itm/404940464724?itmmeta=01HZTNJVGED4XS12ZQBQDDVQYW&hash=item5e48552254:g:xHsAAOSwllVlwAIX&itmprp=enc%3AAQAJAAAA4An1StIa%2Ff9%2FaZvIRdNhCSr%2BVByPUq3%2BAR%2Bb%2FrmLpw5Vag8Q6o9sMuVZ174Tmrnf7tslau%2BojCM7iQo5nmNpexUPq9fAtfhk%2FOLl1Br2fEwVC16O0%2BH%2FMZjfQIjvKwKYSojkCW23LNeQ1l7SkxeWA8UFbqxvrpg%2BrzR0NOYU96QWKXMGnz0HPIIeOS1A1Wi%2BBZT%2FZLfeZquJwyLWTKDn7Pm0FBTtaCHmbsCyqh%2BkWsZ1Gz5MP12Uz1I5lKzQP%2FdpJaGeVMvsPi61PvE1%2FaUZuuzQt%2Bttc0EqQmX8kISpgfv4%7Ctkp%3ABk9SR6i4y9X-Yw
157150762952700408450439721690675166363,"Men's Luxurious Polo Shirt,Italian Style,Stretch S to 2XL.…A14.A",$37.85 to $39.85,https://i.ebayimg.com/thumbs/images/g/cqUAAOSw0JFmDd1t/s-l500.webp,https://www.ebay.com/itm/145702594217?itmmeta=01HZTNJVGE3W15N704YKZD1AJ0&hash=item21ec8d26a9:g:cqUAAOSw0JFmDd1t&itmprp=enc%3AAQAJAAAA4KYgBpYRP2wJ8hoiiSW5M9fkhGYmnRaoNexAo2FlpvJ9Rg%2FhbBO2o%2FqropKaBdwO2AJ%2FCvWfqWk%2Bh9FraDHeopkixlLOgzfkeAKORosLQrp4rPb3psX8RFzzopZln%2FTfcUxpzMHwX7dIokCbzKDBLP%2FTUEJ%2FiK%2B9cR3SJTzVTM%2B%2BoOxPEJ04nthlqb0WfzBUcqJ8tuRhmGIdKdsP5%2BAi6nkRBwcVKODWWqs64N%2FDrYXx9JgQvTVgB0EOsrn%2BVPjot6RlMTtPo8kwOxVtoOmnT6p0hM2K82qe19sjOOk5d%2B%2Bn%7Ctkp%3ABk9SR6i4y9X-Yw
280511275081696498534678312625998741810,Ford Racing shirt for men ford mustang mopar tee clothing gear gifts for him,$19.95,https://i.ebayimg.com/thumbs/images/g/SfEAAOSwg0hbUP5j/s-l500.webp,https://www.ebay.com/itm/312710231141?itmmeta=01HZTNJVGH4GM2Z795H2RHSYCH&hash=item48cefb7465:g:SfEAAOSwg0hbUP5j&itmprp=enc%3AAQAJAAAA4NP85IdhLiBmvwsk%2FLTxv97tJ19YOjYXVLhve2%2BXP%2F6LOVSc%2FapJ%2B8UYwIwfmsMA2jPUSXXWD6iGckr2inw833Ro8pYpUTkxzBy3rwIj0rbdDN5uYjRnXCpQ7wU8z3nUE2%2Fm3gTRIVSLfRSpZZ6BP2y4mUVKqj5oBdUHYF4oL7Yta34EKWm6JZawcMqC0TkUtvmi%2FPQR5G7pPlCdSUBi3%2Bsi458w1ggLeQ%2BfJMmqQ%2F0cJnsRvOWMk0rIkb4dAs9iPAesCqrYsiMx9tSVkiTEoBbD0WjtRIzbYNKbSWdEkHJV%7Ctkp%3ABFBMsLnL1f5j
55585716969696341178870607036198004708,Next Level Men's Sueded Crew Neck Premium Fit T-Shirt Short Sleeves T-Shirt 6410,$17.43,https://i.ebayimg.com/thumbs/images/g/H6EAAOSwG5Zi67Q1/s-l500.webp,https://www.ebay.com/itm/223498457436?itmmeta=01HZTNJVGH7RFWNMKVCG84Y5AS&hash=item34098bd15c:g:H6EAAOSwG5Zi67Q1&itmprp=enc%3AAQAJAAAA4NOg6F1p2zTr1P0o5PedSH0szXrZbL3NSG3D2sCcsphneyZp%2FBpQKAH5CVJCxq6t%2BtQ2OCSBBvqMxr1RhOWVLJLcEVVLQkEWJqHa9rEs39%2B5he9TCDG49Gqex%2BfZbCTQ6N1bj9moBVB5KvTqcoEurS8iEqyt5%2Fm08nfkXx8UFFK9PtPeFIMBW2hkP9Iq7ZV%2F9Mf%2B51r88XO75DaGj%2By3nHW%2FXTXd30s52FR0Vbs%2FAQr0P4%2F6%2BOLNmydWCyJb%2Ft8ylZmCN%2FNXbOAAjOBOk2qITANTyH7P7WQjxwPqaBswpWrJ%7Ctkp%3ABFBMsLnL1f5j
297404917416279416190429533729109510417,Next Level Apparel Men's 4.3 oz. CVC V-Neck Short Sleeves T-Shirt 6240 S-2XL,$13.20,https://i.ebayimg.com/thumbs/images/g/8KsAAOSwmdFiOH-U/s-l500.webp,https://www.ebay.com/itm/223498457315?itmmeta=01HZTNJVGH62BD4WWCASMKYNCR&hash=item34098bd0e3:g:8KsAAOSwmdFiOH-U&itmprp=enc%3AAQAJAAAA4P32eoCRH9ocisRKi%2B1e3S9mvmdNSeOygbpZtj5KZa4Zcn274HWV3l9gHKh%2BpNT8y6hRZvhxm5vNVw%2Bem%2BSHKmsQucqO9hx3W%2B8266N0m%2BucGzXxTEihqrtEV11TMPcLUDPIGIOSh47UU%2BbcOOUgov8UYT4enBThycn54t30ByoGrts%2BOF6Pq7ff%2Byu%2FxP68Oi79eusnI3ACwAsNkfsYsfHCNcTcukfbmFhEEJ1rNwUV%2FflbBrtO48zcvMgZ9vyV33Gflj1X5HfGdrOAlFx0efDpl2zIL5sxJB%2Bl8jKs%2B%2FEa%7Ctkp%3ABFBMsLnL1f5j
77108923950557440771521983817772673632,Weed T-shirts Funny Pot Marijuana Stoner Gift Cannabis Mens clothing Smoking,$19.95,https://i.ebayimg.com/thumbs/images/g/5pkAAOSw235lxnbx/s-l500.webp,https://www.ebay.com/itm/315148460206?itmmeta=01HZTNJVGHA2S9D51BEDRXQEH1&hash=item49604fe0ae:g:5pkAAOSw235lxnbx&itmprp=enc%3AAQAJAAAA4CBCpyE%2Fhjr7CTE3evSQWooB5kBPS04cyRLSf8ZNmsW3ZcY%2FWL3jqUQdO7ZP8WMWMSxRaLoaFqW%2BfUk3QBWB41cJHYulBIYvA3fIOFsy1fQ2a%2B2fAp4VDGgr8rCmHFEeFb4Rxup7%2Bv4UhtZjuyoya2xz71imYG9jhtdZPrx0NJIuFDkZBLOFqWTHtGVGMRtL7A18Zg6tFXclbS4d6Ucqe2m%2BkspmuOtdyGvXTdOCXNOQ0JjCzW9TWfjA2hWmKu6B%2BlbozYaPPiiXdrQsOeZmtBQEjtJmg8DTYCh%2BqBC3sLhk%7Ctkp%3ABFBMsrnL1f5j
156055947818585503645097735462394627907,American Apparel Men's 50/50 Tee,$14.99,https://i.ebayimg.com/thumbs/images/g/cmEAAOSwWcxlwqyI/s-l500.webp,https://www.ebay.com/itm/134924774873?itmmeta=01HZTNJVGH70SQ14GVE8JMERY0&hash=item1f6a24add9:g:cmEAAOSwWcxlwqyI&itmprp=enc%3AAQAJAAAA4GMSzTTFutfvLSs1TO%2F3TQZmFuUHRFMwVjkte9Kb7hkucfaFWIPw9LxvVBzf234dSlnrw1%2F5BjL2zGnFDvc13ZjK0wrBNZIymGK25%2BguDKS6DVtM70YsnKaVahpq3V2J7guNjbXw6wZAohZeYUp%2F3Mil9O0WddtjC59IWxzffHLOrZLCsPpBGTB5NQGK1qw7qvqlyqBriZEBRqxXnQ2RCu8DnNonIc%2BbkBtkAu%2BWXVAUcCeo8Zig9PdB%2B993FSL%2FZm7GXmFOgSChVP7nK%2Ffpqjw0vWvPjhr%2BJAmozMR8RtC%2F%7Ctkp%3ABFBMsrnL1f5j
233383342487506389388139748977574431392,Next Level Apparel Unisex Premium CVC Crew Neck Short Sleeves T-Shirt - N6210,$12.25,https://i.ebayimg.com/thumbs/images/g/tPoAAOSwd39lt5ku/s-l500.webp,https://www.ebay.com/itm/223495449883?itmmeta=01HZTNJVGHBJKW6WB7KT1A31M2&hash=item34095ded1b:g:tPoAAOSwd39lt5ku&itmprp=enc%3AAQAJAAAA4NpltB%2BO%2FC7b%2FR8KQJkMzYLBx3m9%2BEbS%2FIH6Kj24zeTs%2Fh5YE1oDfCl2b0NfVzOj%2BVFVI0otVjsyE8czF1WfX5Sl%2BaiXH8N95XNkAp6ThgnXYY2yFeFN24RmiSSHx5AwNfTD1W7tlQqgzMIoaCWDrcEVYr0Vd1cTXOOnjvjIP1r2fp%2BYdX9zL%2BPQIz8asPLFKLA1j3oJwDMti24g9NzhnA8Wh0e8vRdQs9j7xCMCyXYdNVtDVnlCouTPdjohZPoU0ov9mwB7g1Q2KBBtxmz9ypI53d%2FPxUzvn2QZy4AhBh59%7Ctkp%3ABFBMsrnL1f5j
220539417484970697944983719941620295943,Funny T-shirt Mens Gifts Graphic Tees Clothing Apparel Accessories,$14.95,https://i.ebayimg.com/thumbs/images/g/Vj4AAOSwksRfjfF7/s-l500.webp,https://www.ebay.com/itm/193716172831?itmmeta=01HZTNJVGHXK30XCH8CD9TC0XG&hash=item2d1a62381f:g:Vj4AAOSwksRfjfF7&itmprp=enc%3AAQAJAAAA4CiKWBCmpAhs26IMq6t8IrqGkc6gBtig5vf5SscCWZZCK1hhGz08Tor5pluAtqq1%2BTDv%2FjM57Dg1k%2FRBa6Rt%2BpjgBx5u3bNmgKXPFtUJ7E6s5imf2laYEQwvcWm3PCYXeTaV0p9MtBcSK0Z2mlScndsuhXt%2Bz9nCb9ORPEUE%2FLF%2FG%2Bb%2FIUIebacmkZu66%2BZNL5zY7Qqa0n5aakRl%2BojGLdn7MEQzaway7OSK2a%2Fou6iqCoeyKkBsULVPRdHXki1Z7Hzjx9UK7GMd6IHXLNysGzLR02d76oAvjQu0sqVUP1cC%7Ctkp%3ABFBMsrnL1f5j
218421404813104959588768236960042035734,Mens Don't Tread on Me T-shirt Gadsden Flag Clothing Apparel 2nd Amendment Tee,$19.95,https://i.ebayimg.com/thumbs/images/g/rf8AAOSwm1pkrqh3/s-l500.webp,https://www.ebay.com/itm/195874786134?itmmeta=01HZTNJVGH7GJ3BRRFQK8XF7EC&hash=item2d9b0c0b56:g:rf8AAOSwm1pkrqh3&itmprp=enc%3AAQAJAAAA4H4G2QBbZBH--F1QVneHgh8oD2RZzyOK2D%2BKmDUoC%2BdUXvLOhDnuEQfWxKw7sWkbv%2BYMhC4LhKLaZzdJWdL%2FDpLNXFkXjyfCm1cbCsOa5nfJ%2BBUK1DmeQEbk9ahXEjUAIBtgh3a8HH6rorM0qHc8ZaeTFFKIudg8zwun%2BVaFBDwPHlie4SVIGmLepx1Lp0f8Z7D%2FiscRTBY6dk3yg4112e8bpVOuOalT2IHGAZ%2Bti0LjQmfbf54XlePCZRQ3R2PQSDMKu0e0urIGPLUtkbDid4m21mMPQcEeBRio5kMmHrJI%7Ctkp%3ABFBMsrnL1f5j
281675488656816089448990071495580577771,Hanes Men's ComfortSoft 100% Cotton Lay Flat Collar Blank T-Shirt 5280 S-4XL,$7.06 to $15.05,https://i.ebayimg.com/thumbs/images/g/uvYAAOSwSidcWBAL/s-l500.webp,https://www.ebay.com/itm/223324921001?itmmeta=01HZTNJVGEGFAE2Y2HZVZYBH78&hash=item33ff33dca9:g:uvYAAOSwSidcWBAL&itmprp=enc%3AAQAJAAAAwO%2Fm5cUpwEAtC%2Bhbe5MX6riiE3kurRQEOIGEA%2Fv5x2Xw2N7pNm%2Bd8gn57pTSsMj9gfzAcwvdfqRTWem8X8kDgVouviTC%2BH4EzRnKIMlFyfXBLMqeuR8zoikGVqYCQyp%2F58L8N5JT9faEnE1STMMe8AA6naO7J4BXH8I2TUGJ12js1TaaJRevSmCoFdqCxtMJzXx1OiUFmWmFBWym36iFDugYY7gmm1a%2BApCiN5L2P5JAdOC46BLPX1rKlIey3h5jmw%3D%3D%7Ctkp%3ABk9SR6i4y9X-Yw
19855868662624298892805747251264264029,Caterpillar Men Trademark Short Sleeve Tee T Shirt,$11.99,https://i.ebayimg.com/thumbs/images/g/Cz0AAOSw9T1l7Yih/s-l500.webp,https://www.ebay.com/itm/134972017594?itmmeta=01HZTNJVGFCW3YGCCJ2XHCPNX4&hash=item1f6cf58bba:g:Cz0AAOSw9T1l7Yih&itmprp=enc%3AAQAJAAAAwJAuzaY3ffpJBhB%2FgQbdt1oto1T0NNc3NSqNn0MKRHw5RdK5Pkih2usm6%2BPgAKNzhCjM23rdQKSrR9KRotXWq9GYWCm2Sq3gYtqAsPSPtFU3dEvb5lh5cvN3LM45WCTX6HWJ0IP8I3ba3RHi7qqwCrjdG%2B9o6NCoOWaTCEF7g2EjZV36t94xX%2Bo75zt9Bn1hMPbXj2XuSAhSTbhCZF3BC1Tmpdk%2BLLkJJGMqKFeSiv32YINgdyrmeTPyXav0YhWxkw%3D%3D%7Ctkp%3ABk9SR6i4y9X-Yw
191723921589741799500942724147666349900,Men's Summer Outfit 2-Piece Set Sweatsuit Short Sleeve T Shirts and Shorts Set,$19.99 to $23.99,https://i.ebayimg.com/thumbs/images/g/gD4AAOSwphlig1md/s-l500.webp,https://www.ebay.com/itm/285146071315?itmmeta=01HZTNJVGFBSVFHAW1BV2X0DDD&hash=item426407c113:g:gD4AAOSwphlig1md&itmprp=enc%3AAQAJAAAAwEbsB470QznoPSaKCTd6XOR440HnRFWe8cwPpe5VqqMfmcZGbg%2FyR4JtY0h%2B8MwSg9UjvaGdiUydyCD%2F9N3Gxvu%2BpqvSdTmQg94ZJDbDCMaL2%2BgctUFUIYxlc03dpY0cAaJ5DrAmqZbUXB91FpSCx8zXaJFgAwaW3X%2FIEOFE1b0AupvoAl6BJ1N96cnWIdAxLTJMAptNsfb48wrOQP09eJ1lcbXP%2FhRTtaWK8E7X75LV7CAk2fgmdgCgN%2Fpu52nMhA%3D%3D%7Ctkp%3ABk9SR6i4y9X-Yw
329879703521397304575051558808443182134,KILL IT CLOTHING MMA RedGraphic X Large XL 24x29 Tattoo Woman Licking GUN,$70.00,https://i.ebayimg.com/thumbs/images/g/9dwAAOSwJkFlL~TN/s-l500.webp,https://www.ebay.com/itm/387066116049?itmmeta=01HZTNJVGFAR3N0J04246YTCTS&hash=item5a1ef037d1:g:9dwAAOSwJkFlL~TN&itmprp=enc%3AAQAJAAAAwJKlq9swXSJodvLpHhSRUqSJuk1iCJkStQoaJ%2FVKjw2b%2BgB%2Ff1JU7rm3P8aUkTLCKmIka340hVbm2re7uRb03iQtLMllWHH2OjYyh%2BRKwVMaQiyppM7fzozZBJnc2zTZKodYKPueIdiiqifQL76HmkUcFDnxgKfKpq3kByEFJrxcAcIpgLxxoYsEiirI--W8mEHSegQYB2s%2FEVG3ExGMcjVANAi4XMnX%2BAmOub70wEOSv3QdH31ZUYeF85fOfwrdSA%3D%3D%7Ctkp%3ABk9SR6i4y9X-Yw
89055697262776135942804246081617397872,Molon Labe T-Shirt I Knives Out Clothing I Freedom I Patriot I Warrior I Veteran,$22.00 to $24.00,https://i.ebayimg.com/thumbs/images/g/i34AAOSwjedc060z/s-l500.webp,https://www.ebay.com/itm/112502774790?itmmeta=01HZTNJVGFP9EW0N12PHXWS1FM&hash=item1a31b01c06:g:i34AAOSwjedc060z&itmprp=enc%3AAQAJAAAAwJCrLyusZvv%2FyDu1AQBnt8nBv4aT15M2jHgW5pu8TxOjH9Dp0F7lQhKzlC4uf4RKNjeRDvsr%2B%2BiZGX9sKwfARoOZMLEWXh5dtGDMjX6BXl%2B2yCNkXkNAh1NFvz3rAv%2FQ0GT%2BSiNj59pcb2IxpmuwkMwYLIoCf7D0qlHXjfql5ztvnZ4QjtPyyMK4WZhqO5jnmcoluJsmNaSNzyaCudwC1lSPj8VplGapOP4ZSgH%2BcBf2IcSLOo4KebRxSd%2FzbYqtdw%3D%3D%7Ctkp%3ABlBMUKi4y9X-Yw
97772776636290994973924501167480453276,Tee to match Jordan Retro 13 Laker Sneakers. LA LA Tee,$25.60,https://i.ebayimg.com/thumbs/images/g/Gt0AAOSwgXFdNPg1/s-l500.webp,https://www.ebay.com/itm/264658678665?itmmeta=01HZTNJVGFN0CJ8W1F42Y3WNTH&hash=item3d9ee2f389:g:Gt0AAOSwgXFdNPg1&itmprp=enc%3AAQAJAAAAwPoWYpVq385ZjS%2FZqqqWLonUvn%2F5HwCqeErLQ00qL47HD6020YQfrAaJw6INq97eFOP%2FYO0BDomVhwPqRjiqT8%2BbrPixapwjst8ATY3z2S%2BcOylw8MfSSXq2pJP68F2VGcKlTqgoRe0krP1rWSmlnnSa0njiX5xvtxWUy%2FWDa7VnQ2g3Mo%2BcMdlD%2BEt%2BiPZCkt7X%2F5k%2BpsVg9FD%2BjZ9AxTUKrpdvL%2Bm8vAIuoEQf483LYJ24%2BJJUXWU3zu6om%2BJ5Cg%3D%3D%7Ctkp%3ABlBMUKi4y9X-Yw
309364022403482175527315208632537861893,Tee to match Air Jordan Retro 5 Raging Bulls. Blessed Tee,$28.00,https://i.ebayimg.com/thumbs/images/g/jSgAAOSwYrVgc1L6/s-l500.webp,https://www.ebay.com/itm/265118993476?itmmeta=01HZTNJVGFPRQRNMEQKGPW76MW&hash=item3dba52cc44:g:jSgAAOSwYrVgc1L6&itmprp=enc%3AAQAJAAAAwL71w3oN5tyaGrPqtthZxmPZ4KTOGWU5OfS7%2F3p78maRm9Gg8m8m4wtKGQz6TVNR0ZjNJcESF6DBQUm%2BMnKJScQMj6HGJVkvjGZjI4J3RlDyqottZWP4t5AHNdVxzSJwiIkNJZoZBxTDkwWVIXqZ6iasdCrQIvPVnay08PomwOQsw0%2B7%2FivdnIGlPMK6rFSI6XgNhDJCk9D989YMvWurX50KN2EageJ2S7ft4tzio7iIWrFASNU9gINjCywhdXf1ow%3D%3D%7Ctkp%3ABlBMUKi4y9X-Yw
200020622904721470696203898270486619596,Tee to match Air Jordan Retro 11 Low Space Jam Sneakers. Krispy Klean Tee,$28.00,https://i.ebayimg.com/thumbs/images/g/qh8AAOSww9tmUb4n/s-l500.webp,https://www.ebay.com/itm/266760812206?itmmeta=01HZTNJVGF1BE449VMWAW7B6MT&hash=item3e1c2ef6ae:g:qh8AAOSww9tmUb4n&itmprp=enc%3AAQAJAAAAwDkTW8T%2Fdk%2FqnDwGFbNojy3WrHwPoyv4YTUe%2BZ9NeTTfWV6XbVr5WpHDIe%2FFTxr63bAT3Gu0d6RXQUPjEzyTU9VSxqYLyQYvSyFQ2CBdGDOi1dNoxiHWsBEGQH5b77oPS0Ei7hAN1IDy8YvkiBAYhV6anotcBRKNcnruTpoTTY9yUcyIvODmmeXkmf0gmfxMnu0Pj6Vv1nmxfJO8qPu7tMl3Z1d8MuvEJx0mE0j%2FNy%2BIYrAJD15UphzYIfco0ZJm%2FQ%3D%3D%7Ctkp%3ABlBMUKq4y9X-Yw
6176210822228135605260099360667500631,Caterpillar Men Trademark Banner Long Sleeve Tee T Shirt Cotton,$13.99,https://i.ebayimg.com/thumbs/images/g/HtAAAOSwf0Nl8R2O/s-l500.webp,https://www.ebay.com/itm/134975757417?itmmeta=01HZTNJVGFH39JK2WG1GZP51E8&hash=item1f6d2e9c69:g:HtAAAOSwf0Nl8R2O&itmprp=enc%3AAQAJAAAA4F%2FhSmvlwPVDnWxA5S9QrQI%2FfdMRJr8NMjNd%2BAIz%2BA7Z%2FtF2BhML3PHMdFMIKSPNEx0V0IWKAmt%2FjLnry%2F%2BuDFOhza%2Bes9trG4uIHb9%2FTuE7eMgUd8QXyNsPX%2B8tXJT9Gkb6uCeCkIF%2BNDLsaXtZ%2F4X%2BenE%2BhTT65MNghArvAeqOxTzfm%2B5E5YqpYM51v%2BHeITYGAlGiUlaJEqVL2JbTGmPBo1RXGIDAgKIBQvDqtsRj6mm2t%2FkLwee5hV4V7wMDjA--lAsmcIkUwjta1wEVPhooKuwKWlNHAkAzy6x1obyA%7Ctkp%3ABk9SR6q4y9X-Yw
274474165335762316410085093913283510598,Men's Slim Fit Button Shirts Long Sleeve Casual Business Formal Dress Shirt Tops,$13.50 to $14.05,https://i.ebayimg.com/thumbs/images/g/ONoAAOSwfddj21Mt/s-l500.webp,https://www.ebay.com/itm/354620374456?itmmeta=01HZTNJVGFSJXAW79QF11N8HZB&hash=item5291057db8:g:ONoAAOSwfddj21Mt&itmprp=enc%3AAQAJAAAAwFZcYeG%2FB%2FyIl5MLhJvKK%2FxOSX%2Bx7lbX55Naa1hU8YoWo6No%2FMqHtpVk1PNuFfP7Ck2VBybyzTsW6O%2BzR6SwRufFHHGX442at9ZqWcjUoNxzeCxnIL3Cmxo114ZcZtV8JfdhX8cXEQT9QYYRAL%2BlsJRpezB1EvrDuB0Xx4sDb6KncizrbQsRlJHPy7ZPlwwV5A2Z6yRN4fAvxsX0FQPUpFo3Q1lbwevwEJSLzhDDtR221OXvjYL4rpl4QZuxPqnfZA%3D%3D%7Ctkp%3ABk9SR6q4y9X-Yw
5582399332861108941634047797342397839,Men's Athletic Long Sleeve Compression Shirts Dry Fit Sports Gym Shirts Workout,$9.99 to $10.99,https://i.ebayimg.com/thumbs/images/g/HCMAAOSw5VtlZ~Hl/s-l500.webp,https://www.ebay.com/itm/285583982843?itmmeta=01HZTNJVGFW471A599FR1DAC1W&hash=item427e21c0fb:g:HCMAAOSw5VtlZ~Hl&itmprp=enc%3AAQAJAAAAwCeP%2B2EED1BTRxizkapsiWxkR%2Bjqt3uqZqqLDNaV55m1tyoAnwU%2BadEWNJiHXiRtUQ7zlOL8CXVN8bQQzagjC%2BaldpKrrlNFhFqxQzQTrxOkfOuWFlzngJmor4PSK%2Fsp10hjOdTbRli9JLgIdblDoeY3J7Wcha4UU3XzCkjwO%2Fu%2BBUNR7Xoeo2d%2Bo1zZUgs0QlLd%2Ff3Ov0wwPlrcc02SLIxoLmhLVjfBaON1qX3mr2Shucvhuah9vRKmPnMWrMLOcw%3D%3D%7Ctkp%3ABk9SR6q4y9X-Yw
230524283436143493105744284040282027070,2Pac Tupac Shakur Aaliyah T-Shirt 2Pac Rapper T-shirt 90's Hip Hop Clothing,$17.99 to $24.99,https://i.ebayimg.com/thumbs/images/g/rZsAAOSwYCdmYqMn/s-l500.webp,https://www.ebay.com/itm/375472021012?itmmeta=01HZTNJVGFWN4BKEDKPGW2QXYM&hash=item576be05e14:g:rZsAAOSwYCdmYqMn&itmprp=enc%3AAQAJAAAA4OCF1xE44zl89p1kjFL1%2FcIv3VFYCLecRyq240mb%2F2JNCKxtiyXcOPf3DUVFACHn2zN8QTJsQsRQ%2B2QzopsOYpYWSx1pxctNKr1xwwyE20S%2Bh%2Bc3q4xFpyyKN%2F7QrEoUhYpp%2FZnbFiC1qdacZbWmzb0NXJsYq8OTYg8On0nTXtAnTsdLA3Xjmr7%2FFxC7lwHd5T8Wnf%2FfujQEabhjYNMEEUTfQASLzBbLo6lCPTim1OjMd4%2BFG25Jvm2A7co0S%2BydfvT%2Bw8t8yNkoGo7z26gPgNDP93Nem9ctvZ2PRn0KPpYJ%7Ctkp%3ABk9SR6q4y9X-Yw
123251848346757231420455747382224305195,Ford Racing shirt for men ford mustang mopar tee clothing gear gifts for him,$16.95 to $19.95,https://i.ebayimg.com/thumbs/images/g/SfEAAOSwg0hbUP5j/s-l500.webp,https://www.ebay.com/itm/312710231141?itmmeta=01HZTNJVGFE02QWY60STYH2R7J&hash=item48cefb7465:g:SfEAAOSwg0hbUP5j&itmprp=enc%3AAQAJAAAA4NP85IdhLiBmvwsk%2FLTxv97%2FnuOJ2Cq9S7Qud5TJfxYTleEuy0tDeHta79U1l0d1hjGOn9pvEJor2HZ3t8JKNt2c%2F6BDHXB3mbAMgg7E0%2F9e3GkqjEgrLmL%2BtJPfhgqivXlvJQZkGGHD4UUAGT8G1PpO8qcmDXQHdDqz%2BlNBtHOP0vZQE9VPyKRLVTTpOuh3LRwxScmeRPoO4IxoEEhL1j%2Fp7cLSDTDK97MUGW5nve0cFxE6pWUq4Rp3QiTQLR8lBQkyqHvNn70ONiSD5mdUpAwLSwvoNcli40iO3pGHLP2V%7Ctkp%3ABk9SR6q4y9X-Yw
292522222796920875290798874926352750481,Alstyle Apparel AAA T Shirt 1301 Men's Plain Blank Short Sleeve T Shirts S-5XL,$7.95 to $8.95,https://i.ebayimg.com/thumbs/images/g/CZoAAOSwy~RiTeIM/s-l500.webp,https://www.ebay.com/itm/154936220323?itmmeta=01HZTNJVGFQ17Z8BPA98ZGXTE3&hash=item2412eb1aa3:g:CZoAAOSwy~RiTeIM&itmprp=enc%3AAQAJAAAAwMWKMaSZ0QdK2sQTSaFQi577ZOYYMsjr4OEPF3NMAKMj87xDnHpQZ00owA2Ymjw2ZK5JDpEl5MoYpf6%2Bw7LrQcgu1s4cbMFeUOBz60Y6KP8gCn%2BkvYekigJ23K8L%2BeDtB%2BrFAnKOtKp94rSRNd7PpJJjONwfIAQo9viaKPEAyxKGKj%2Bz2zrIcewhArI3UHzJjhEZf7kWqTfWFvJTe6LoFVf3qvRVGn2fI8s4dqxWL0GE8x7pOYCjsI0N9umaN%2Fcoaw%3D%3D%7Ctkp%3ABk9SR6q4y9X-Yw
71667864904361156780322319068230763177,Sport Tek Men's Dri-Fit PosiCharge Workout S-4XL T-Shirt M-ST350,$6.85 to $15.53,https://i.ebayimg.com/thumbs/images/g/O9IAAOSwS45am2cq/s-l500.webp,https://www.ebay.com/itm/132525683959?itmmeta=01HZTNJVGFSWF10K4H6TAEZ57F&hash=item1edb2574f7:g:O9IAAOSwS45am2cq&itmprp=enc%3AAQAJAAAA4Fpos9UF9iJrs7zBmZQxIs2xW1hdza%2FRWTFkXAflwaD1ctOkCfHI3Y0lCamwI2JG94r%2F1PkDQ1U2R7qYOlpkLkosHgjvo3Rje76OIWroCAqo4pTw3kK78XOl8%2BndIzRyfqfjHpbaAnoW2dpjU7km1%2FmuDtej5i1gDLUyRmScLRXBXWD4N5j5IhCOCyCijvLoCN0RAJxkLKRhC7Cn%2B1biBq8DkTa6O4hyGRHrKaCrB9%2FX88%2Bbsu6WMd7nif9zYWTHK%2FBqPnXHvgwcr%2BydXzicmceZNg2QjtD%2B%2B7aPUjQPQNiI%7Ctkp%3ABk9SR6q4y9X-Yw
304342307255719091659061205797668517194,Next Level Apparel Premium Crew Neck T-Shirt - Mens Soft Fitted Basic Tee 3600,$7.95 to $10.75,https://i.ebayimg.com/thumbs/images/g/4EMAAOSwxu1Z1AHu/s-l500.webp,https://www.ebay.com/itm/142528267353?itmmeta=01HZTNJVGFE123T3RF8SARFMFD&hash=item212f58c459:g:4EMAAOSwxu1Z1AHu&itmprp=enc%3AAQAJAAAAwD5G99fu5VEErgzrnNtpvOLKHL9Mx%2Bqokqm9VpVelfMdHum6peYa9zw4dN%2Fy8MbVHgR%2BJfYKqO5VYqdw2%2FmLrDr%2FTdib%2BGzbh%2FopfpYUodpLjF%2BCBDyUDTAtta1mJNzWpkEdN3Iun7RBhRo8z5Fp4lK%2FaAxP0bK%2FAIGeeROs7H%2BgbcSYUIN7mJwk145T8lGyxK6hE2%2BZUrVXVSoyhp3UuT1xp3R5kMG7JPJ57VIqN%2Bh2IcqD%2FJ2GK5L8bCZ8EZ%2FL4g%3D%3D%7Ctkp%3ABk9SR6q4y9X-Yw
111029167476967974928731936345053835257,NEW A4 Men's Dri-Fit Workout Running Cooling Performance T-Shirt M-N3142,$10.34 to $14.35,https://i.ebayimg.com/thumbs/images/g/jqMAAOSwXXVat0oo/s-l500.webp,https://www.ebay.com/itm/141827059866?itmmeta=01HZTNJVGFDRKGVP98QWFPX25M&hash=item21058d309a:g:jqMAAOSwXXVat0oo&itmprp=enc%3AAQAJAAAAwIG76f3SXbeV1EA22BnCBFNvoW54Y%2FSbYhVpoD0%2FGj0500jzon%2BGwz%2FIhPr4TIH1VC7wXe6uXJOJ4N6r7Ojv1JHovztWYR7CY%2F3TD7lsF3pY5P2ecoe5zvdD%2BpvTeD2tzNYL5G9t6x7jXMuCUJ1Ryl%2FX%2Blb8aH8ulxJmNu65vIbpsCaCFBSyIYL3AvgEhLMTH030dasgsig%2BX3qs6L3%2Fk6KdWrg%2BTmX4%2BHUSs%2Fq7fzqhqs4m0odAEm%2Fovet1AFySeQ%3D%3D%7Ctkp%3ABk9SR6q4y9X-Yw
205773349786234339002531200486294209153,Bada Bing Tony Sopranos Men's Black T-Shirt Size S to 5XL,$20.49 to $28.49,https://i.ebayimg.com/thumbs/images/g/gP8AAOSwME9mYthu/s-l500.webp,https://www.ebay.com/itm/387065156069?itmmeta=01HZTNJVGFSFFKHCF2F1TN5BW0&hash=item5a1ee191e5:g:gP8AAOSwME9mYthu&itmprp=enc%3AAQAJAAAAwIC0Q98%2Ff0cmYC3hN7SC9YLae%2FkJUfC2Kr4mANlFewmwa9%2ByDPCaPwPqBxPH7bH7NDDQvEyhk6p4j2kk3Ufip43D%2BywMHbPBuwYphb9kgvPixYI2IILeNUZ58A%2F3gB9hOrpbbq9uuotxq%2B4TYvvZXUI3xggScfY%2BUWAcC%2FcJYplFC0PFmk101XQ55gXwA9%2FvI7jR3TmyHp2sTymfo2GVHr2twVx94003gH92YWRF3O%2BRgob5WWz9VDprGPmRX3faPQ%3D%3D%7Ctkp%3ABk9SR6q4y9X-Yw
335467320083799959646099323923934622786,Weed T-shirts Funny Pot Marijuana Stoner Gift Cannabis Mens clothing Smoking,$14.95 to $19.95,https://i.ebayimg.com/thumbs/images/g/5pkAAOSw235lxnbx/s-l500.webp,https://www.ebay.com/itm/315148460206?itmmeta=01HZTNJVGFM5VKHD63XPCC77KT&hash=item49604fe0ae:g:5pkAAOSw235lxnbx&itmprp=enc%3AAQAJAAAA4CBCpyE%2Fhjr7CTE3evSQWooislLwN%2BQByvbjewPMcPs2ZFNy9t5q4lQMtnlII94%2FZreU22wrZn6Ey1UtLDNiqaXhpjtQkEpoukXp6GDjbccuNFBy25LlA3qnUB7tgn6dAOCCpcF1YYvWU%2Bsmf1HMDgmElZrp3%2FKAluD7kLnGenKu5sSWU1cxxQKLYEr2g4%2FqwoqlfB6vUBtFFWldulMaNiGRUHkyZrGpcxwbZHj70ItgQebksRZtXoHQR8Q%2FO3SmPooJf56Fcqky9YY4uax8RWzoAB4RXnPrYN3nRrMze8hf%7Ctkp%3ABk9SR6q4y9X-Yw
315454061789550685222093921811781860534,Next Level Apparel Men's 4.3 oz. CVC V-Neck Short Sleeves T-Shirt 6240 S-2XL,$7.06 to $13.20,https://i.ebayimg.com/thumbs/images/g/8KsAAOSwmdFiOH-U/s-l500.webp,https://www.ebay.com/itm/223498457315?itmmeta=01HZTNJVGF2MYGPCEPTPX4Q2SS&hash=item34098bd0e3:g:8KsAAOSwmdFiOH-U&itmprp=enc%3AAQAJAAAAwE4FMT4mnf9Zbwcc0TROK4%2BOTIO%2F4D%2B5dhZPwggHrCJUVHmmOzesmPFqmToo%2Bsc%2BUVXYRKLM3YSZJCHONWTxQcZv%2FN4OzwuYjm0e8MC6Wa6rurQdP94Njkn62JDaGuzCK%2BtenlI8bOen%2BEp5ehU1r2gWDbx0gx3rNiT9%2ByeQ%2B4BoCyf8BHUptc%2FOrFIE1vYZaWZ4hY1xRleydhzIgw3ZMcMbVHQ536qej00CPHtta3yspb%2F30i7N%2Bw43GmSJuYx%2Fww%3D%3D%7Ctkp%3ABk9SR6q4y9X-Yw
31369226092220088629456048010569345421,Tee to Match Gold Jordans & Foams Crime INC Tee El Chapo + Griselda Blanco,$28.00,https://i.ebayimg.com/thumbs/images/g/RwYAAOSwcbRbtSxW/s-l500.webp,https://www.ebay.com/itm/253772493025?itmmeta=01HZTNJVGFMQKAZ22PP0X3A0D8&hash=item3b1604f0e1:g:RwYAAOSwcbRbtSxW&itmprp=enc%3AAQAJAAAAwO%2FdOqL3EnqX4RKjxxopB90%2BZiO%2BiTZxCSA%2Bzfamy%2FYaxq8mcJy1pwU2pqKNrlObm0kB9aKgXEExxa7ye%2BKiGgLjtaMJ%2BX6BVEIRhVxlTm8HHjXBoce0bj%2Frf2r--AVfId24IdcEHc0BtU2LrraJ1i%2BjJHYLVVG7qQr9zQ%2BiZIMPmk5bbkfdNeP4snVx9BjOEa1TCezDSkebPJssAq1eahjd5gmiNLVMo6JRmA2DwSb4q3Jz6GDIyRtBRmWlORht7g%3D%3D%7Ctkp%3ABlBMUKq4y9X-Yw
213904480442052868452610958355294934168,Tee to match Air Jordan Retro 12 Cherry Red. Superfreak Tee,$25.60,https://i.ebayimg.com/thumbs/images/g/iWwAAOSwAqNk~H5-/s-l500.webp,https://www.ebay.com/itm/256212607636?itmmeta=01HZTNJVGFKH113D9MNVBN7T0H&hash=item3ba7762294:g:iWwAAOSwAqNk~H5-&itmprp=enc%3AAQAJAAAAwCxThFZstVd0Ri2KNE2uUJACbXaYR7zVfRDehlFBLdQ64KV0%2BjBAys2nztsnMtQno7%2BxeH4%2Bwja%2B9akMs%2BHkZvARRpm3jl5xzdzEljzC7ZBDNcjH%2BDgZ35pXmKOOqe72W3lGtd3de0nBSIseSlQGzl4XopBP%2BIyKRsXm7LUeMmr51Ka9Jpasgrbz3ox%2FxjgrngbBFlaRyIuzBKXyPqGgvebX3dWOeTfZgnp7SvkTLjPEHJyDVLeF6dupZv87QpwZjA%3D%3D%7Ctkp%3ABlBMUKq4y9X-Yw
282595719422797038249185737432761388883,Tee to match Jordan Retro 9 Gym Red. Monopolize Tee,$25.60,https://i.ebayimg.com/thumbs/images/g/cpwAAOSwqr5dljyp/s-l500.webp,https://www.ebay.com/itm/254534733966?itmmeta=01HZTNJVGFZFFM8PNWCCFFAJVX&hash=item3b4373d08e:g:cpwAAOSwqr5dljyp&itmprp=enc%3AAQAJAAAAwDaUdRLBZWUg2PnEvErI4IXjz%2F2gHQ5%2FqVYS4Ks%2BglByPSVZKNc7k2QhB0E9oYw%2F1AZ6vizTK%2BnEntqT0PI5q7dp9xMpMQ1CQWqkSdlt1SgL3v3jAbQswJTH62B9FA5%2Bzu9ecjrqKK%2FOO6TaZTO4TfCwb8ruuL44BxzIuVga58GVUemR24UKKD9cqeOxCe%2BsNueB1MdWYXKUMXiGUpFn7ItPOZ6%2FfcsCQVH18bbM5MeFDW4tXBNqH7KNzfbUiPNdGQ%3D%3D%7Ctkp%3ABlBMUKq4y9X-Yw
25452969314672261018172875409374759203,Tee to match Air Jordan Retro 13 Flint. Chase $ Tee,$25.60,https://i.ebayimg.com/thumbs/images/g/PwsAAOSwV1lerMB2/s-l500.webp,https://www.ebay.com/itm/264701722333?itmmeta=01HZTNJVGFDAF8HX69NKAW27SP&hash=item3da173bedd:g:PwsAAOSwV1lerMB2&itmprp=enc%3AAQAJAAAAwDBVGTWm3AxnofM8CZNlp2oufbQZ83VvgA5%2BHgTe4DTV%2BSdRuWQDi4ixzqi%2FScWQWOH3KbHjR7kvAmJtEv8W2qLGGCJdfVZkcF5za1okaQd2LpYZecrX8xByUsOpTwalbZO82%2B6uWuFwZBNBuKqPUHDpTnk3PIrD2qZct%2BBuzcnm7mjLjnD1L1yuUcoSJlPcU%2BT%2F4LkzwDWmmeGxdvxMOeMgnU6cpZwHLrbOVc42AMXX8zKUGMskCZDF%2BVktbCz3%2Fg%3D%3D%7Ctkp%3ABlBMUKq4y9X-Yw
201726416894640413715348445851386219352,Sullen Men's Boh Jersey Red Sleeveless Tank Top Shirt Clothing Apparel Tattoo...,$39.78 to $45.82,https://i.ebayimg.com/thumbs/images/g/5OQAAOSwf39mYNU~/s-l500.webp,https://www.ebay.com/itm/235323245460?itmmeta=01HZTNJVGF1HP3Y5PR7GGZ46BA&hash=item36ca5bc394:g:5OQAAOSwf39mYNU~&itmprp=enc%3AAQAJAAAA4L6W2iTFu4jZk%2Bf7oewwEr3d1%2FrcN5Le7fmWjhYINnz3Mb0e3d4dMSvcJ%2BJTOcz1vblwja86fHpH%2B6QXcuMsp5xXGNrf7nQxQm9RcEKn3ETLfzpZhzU%2Bs%2FQFZdApxaL0KUiHkSyiWl%2FxRfyBIKFKyd%2BrE3btVIJ2bV6q1jIG3ke7Eh%2FIOHFRJoKJx4qBkfXhL3EYDByDWDK0OCZHONMYFRwgBdU2pjDswO7wJLxFhEsO6I2ga3ph9CIEiY%2FnyBgBqA%2FwqlBjKkHzWIMfzsBmLb7mlQc38wAwjrQkrgBZ0nYz%7Ctkp%3ABk9SR6q4y9X-Yw
105689910755303151790078053689611953868,Funny T-shirt Mens Gifts Graphic Tees Clothing Apparel Accessories,$14.95 to $19.95,https://i.ebayimg.com/thumbs/images/g/Vj4AAOSwksRfjfF7/s-l500.webp,https://www.ebay.com/itm/193716172831?itmmeta=01HZTNJVGF935YMMH280YQN86J&hash=item2d1a62381f:g:Vj4AAOSwksRfjfF7&itmprp=enc%3AAQAJAAAAwJJbBlVe42rgl0d9lFWyEhyc5or5nEyF8RCiQ1%2FiqcF2XfEjmevdUXvcNbmSOdu0WArsjB9fioSdpeA9kpZbfaAIDBcR%2FeW3DvH9MyaRJogsPBiCRZlvdbX%2FRl2mHcrlqjcoOLGfRZJfJ0QxnlR%2FMJxkeYiK%2BHy%2F4d1HcVKvWN3HIc%2BpI9%2BKImXO3ROsj7jo2WErNNJDSd4vLR642va%2Bw%2BSFORkczZbX%2BxmMr%2B59l2zBn6wXACrLR1Af0nS850CRtA%3D%3D%7Ctkp%3ABk9SR6y4y9X-Yw
4077858917741478871341321821332178009,Carhartt Mens Shirt 2XL Bamboo Green Pocket T-Shirt Mens Relaxed Fit NWT New,$15.99,https://i.ebayimg.com/thumbs/images/g/HDYAAOSwRg5lODQx/s-l500.webp,https://www.ebay.com/itm/204515338005?itmmeta=01HZTNJVGFACGYD8V9NKJZ55Y0&hash=item2f9e106715:g:HDYAAOSwRg5lODQx&itmprp=enc%3AAQAJAAAA4JzYWm1KmL7G1ZByfFLrpF3HAr%2B11OorYPsmYDUI4qxFgn%2FDxYHPg35iBoqN87o3hilI36bD3yB4ysD0G0pKs262PBZn%2BW8MGCBpJYbQK1wkYevFg%2FSzcjvlEmoZGOYIQB14DDMVlz0vi4cj0%2Bo33CSOa7c6IZI8CdOZLd%2F0GxElyGudsvxT%2BAw4vFfvOUTiVPirR6923%2BjS%2BMfnGhxCfQGJ4WY0xOqAN%2FYpdWbpOeD97AoH7Bqkv26BuNHqhREFaueFysCtEKlO1HwMkGdSoeH5wQfLpUejf77R8%2FCx2aX8%7Ctkp%3ABk9SR6y4y9X-Yw
185633960108031382056879665420480615584,BAD BRAINS - Capitol - T SHIRT S-M-L-XL-2XL Brand New T Shirt Official,$17.99 to $18.99,https://i.ebayimg.com/thumbs/images/g/s5MAAOSwBV5ah0AM/s-l500.webp,https://www.ebay.com/itm/124882232873?itmmeta=01HZTNJVGF4R6P8N7BS4689HGJ&hash=item1d138fa629:g:s5MAAOSwBV5ah0AM&itmprp=enc%3AAQAJAAAAwEUKnDZTaEAaxQVcjLd%2F%2BCW%2FoR5ilnqdwK2EjcKlbGTb9yo37rl%2Fa2l9C7NczdrrgBabrEUiP%2FKn%2BOj%2Bt3e6Xz4Znzz30zr7frDfWRqGxu2d0LiAwRqfhN7h2zZdxwcbkrg4IYOoiGwc9QDE7FYEQFRZdWKwk2otf9%2BMa%2Bc97PPuDf54GF2ygLG2qtwSZmc8mFF2CYA3ZnnR2cc%2Bk4YpWzoUkoOKJM8NHDtC9Fd4VQ7E35ls5mE3iKhSisZhtHWMLw%3D%3D%7Ctkp%3ABk9SR6y4y9X-Yw
159111383698168540619524847356292732253,Next Level Apparel Mens Long Sleeve Premium Crew Neck T-Shirt - N3601 Tee S-2XL,$12.99 to $14.99,https://i.ebayimg.com/thumbs/images/g/TEQAAOSwxZlhnRfl/s-l500.webp,https://www.ebay.com/itm/253917920760?itmmeta=01HZTNJVGF1KHEY4DEGYQ597N3&hash=item3b1eaffdf8:g:TEQAAOSwxZlhnRfl&itmprp=enc%3AAQAJAAAAwDCMtWnm483%2Fh22GEFxge%2BwIrFyEiETN%2BOP7Q7yswRtt5hd%2BJ3nN3X8rPveJNCeDIl%2BU5UZ%2BpEj3jIJIVA8y2u4zsVYoJNYXr0tPescUgbUOYMXeZV7F41Qs7A9U1dvvj3v69eHi8AIH2%2Bd1kCmz6Y9VHQsOrlDsrTl7fubuab8vn%2FQUhlFKlIGUVTo5OHJp%2BFt30%2BCR9RXclP7%2BQVBbGw7ZRTB1QYKe%2FRKanJn2fYjEbcsaHeWQEjGJXf%2BiR3ebqA%3D%3D%7Ctkp%3ABk9SR6y4y9X-Yw
136600438820146071266133425374507071492,Sport-Tek Men's Long Sleeve Performance Moisture Wicking T-Shirt M-ST350LS,$10.48 to $13.86,https://i.ebayimg.com/thumbs/images/g/5K8AAOSwGitak8Jo/s-l500.webp,https://www.ebay.com/itm/142561705871?itmmeta=01HZTNJVGFQY5EVGGDSSANN7A6&hash=item213156ff8f:g:5K8AAOSwGitak8Jo&itmprp=enc%3AAQAJAAAA4AwZCL2w9BiaSFMnhgqoH%2FTUpVgGtxfyu5OPIj3SI5Zc9%2FKYstB81xts8xWZ2Ge5W2t33%2BqhRsRrG6409AiP6WOT06LdkgmWmYf2LM6xsEi6L4oSmD%2FoVFNtBgHKg8b%2BfXRpFDlfwLnXleiw5zo5vkbYnwdQeLf6Ck5Rc%2FPFMv17C7t6bwwVF%2BtWty%2BXKl79nNVBYbPqPnj0WpDvjdcU9Tlw7jJHJwkL4EVTjhiQDACaisTB3CEpGYkH74GpzGt3O5ui5crRXl6DpblFjRwT8C%2FGgsbKuzHzM0Z08CZ9OEVM%7Ctkp%3ABk9SR6y4y9X-Yw
43932177543297993492605411059726707958,Tee to match Air Jordan Retro 4 Fire Red Sneakers. Fire To Blow Tee,$28.00,https://i.ebayimg.com/thumbs/images/g/HhwAAOSwuDBftHcM/s-l500.webp,https://www.ebay.com/itm/264916016790?itmmeta=01HZTNJVGF0BNWVDE0GZ0AEVP0&hash=item3dae399e96:g:HhwAAOSwuDBftHcM&itmprp=enc%3AAQAJAAAAwFFPSf6tPzOkiy4s00e8caiJzvDiFjIFtAoM59Bn5VvlX0sxDdMpTshfoZQpwFTbu9zIOI8Mv%2BNv4n9Ru3f0pBjywg7t6xqwzajjFAnwLc786jvGiHfQ2gAys9WU%2BfF40%2Fjkbx5JYbR3xKcoRALifOnrN5MIrVF1WZTpTCwEOI%2FEfDZwONaPLz3aY5UdwTpBKmGA%2BiHJLkoA8uAjGZEBRBpq%2B57WkjcbU0aPNuKkluduvKbFVPCenehixDkw%2FPd0RQ%3D%3D%7Ctkp%3ABlBMUKy4y9X-Yw
155660160391717491875534420928609891453,Tee to match Air Jordan Retro 4 Red Cement. Trippin Red Cement Tee.,$25.60,https://i.ebayimg.com/thumbs/images/g/wl4AAOSw61pk2irQ/s-l500.webp,https://www.ebay.com/itm/256182226929?itmmeta=01HZTNJVGFAN2PVKGC877VX6H6&hash=item3ba5a68ff1:g:wl4AAOSw61pk2irQ&itmprp=enc%3AAQAJAAAAwNhWR%2F5aT5fPd5Ch6EbWoCvapiXKSB73YoK7XxU1jmecfor1xTvrW%2FkP5nJFEex915ukMi4dx9WpgsWsZL6B9ww8VSu%2BYERvEfRnuzfCEGJKAbOfbdCh6Di03fkGN8uY1P%2Ba3kyvGHr5zclP98zBYHKaMJWL7nuQJM%2BNHCRUe664shK7%2Beto%2BzoM8n7tOg0ruyzjPqKoK6RUYbTwdu9K9KH7YlV%2Fgy7KBKRop5pQ%2FoL3r1FC%2Bd0YIqbJx0PAsfowUA%3D%3D%7Ctkp%3ABlBMUKy4y9X-Yw
257565915025667003457613916351874736063,Biden Harris 2024 Election Campaign T=shirt Mens Graphic Tee Clothing Apparel,$14.95 to $19.95,https://i.ebayimg.com/thumbs/images/g/GXEAAOSw8EJl0-EH/s-l500.webp,https://www.ebay.com/itm/315167699704?itmmeta=01HZTNJVGFC85X9S8VXP6NCRDM&hash=item49617572f8:g:GXEAAOSw8EJl0-EH&itmprp=enc%3AAQAJAAAA4Ch%2BjlWqibdEKGKXBEokffV1XsvctAbTPrkXYN6DdVnUdJL2OXCi4yvGn%2BPJw%2FRhf5MBD3Mme%2FVxEvKg3NK5rts0eDmg2HGZtOlauvrB9X8N6Db3yX4IMptbeJa7ptGxSE3pzS7vfjWgSxqkW0vGuCuT6Iw5ghVdSuF7p0AHBEiFwGBwMhtxy9TC5CLjZCOWF0kxbl8W%2FciC7qdJ2vqVwvDrV4U79DOSnpxoemm2uJM2rFm6u%2FQjClWWDemujztjn7bEMW%2B01%2FTd9Jt702MLapdxR8sd9dSGnoCaWcTbDc2a%7Ctkp%3ABk9SR6y4y9X-Yw
302993311691263799588245909454732389337,Hanes Men's 5.2 oz. ComfortSoft Cotton Long Sleeves Tag-Free T-Shirt 5286 S-3XL,$12.94 to $21.04,https://i.ebayimg.com/thumbs/images/g/jdwAAOSwtEldiLp8/s-l500.webp,https://www.ebay.com/itm/223677776128?itmmeta=01HZTNJVGFA1JA25FHZ88FZRFN&hash=item34143c0100:g:jdwAAOSwtEldiLp8&itmprp=enc%3AAQAJAAAAwOQJI9su2G%2Byt9SJ4nF%2FsnhybEx6hrHoFIrB6IfSdEyeOBR9IwDQT0fSPSHsbGlz0UDVJBIR8ZtjUj%2Bzkmi7cj%2FdopyxPz5kXS9Qjlwe1k%2B0Nw60Wq3mewH9qJteX07dKvFwk8xosWpg%2BsAKK3tBrRoJq%2BUyATB5gRb7%2FYbCcNJ8OGVJ8DW420dowrwlLSokwuzFjWSbwwWoh8Ntxzod8KFdJXXHl5SadB4f2LtiO18U3TRA7Y2rewfM73zwhNiwww%3D%3D%7Ctkp%3ABk9SR6y4y9X-Yw
185173280841535087923711575676822829924,HUGO BOSS 100% Cotton T-Shirt with BOLD LOGO ARTWORK Black Size M/L/XL/XXL,$33.95 to $37.50,https://i.ebayimg.com/thumbs/images/g/HVIAAOSwIz5mYNtC/s-l500.webp,https://www.ebay.com/itm/166806534860?itmmeta=01HZTNJVGFH5W30XBJME2AG5K2&hash=item26d671bacc:g:HVIAAOSwIz5mYNtC&itmprp=enc%3AAQAJAAAA4LiicFktOlLIbDgj%2FRFazp%2FxxLYuWb4JpQlOYaflpbLJhot3JMt8OY2XMJMjuDPg0rhcDE1j1gl0LcoIHn3pm81xmmtI8BuJUMb4VtZYfqG3RdhYfMfoC81DoebCeWRvgxcFtt9NV36ynDCjZ0RZTrqkfzxeKxdJUc4lK4oZPNhlAn5KHsEhmxKFH3ulZSe8Xb7ud1PVwtHiCc1Evunqv6FghNotHGhqVIbIDyNQQAVX78pBKL%2BpyA0NI1Kq54YSA7rz9V1gN9NLjPclTgjE8Vvj1W4WtLUHBU5GzYZUnSEX%7Ctkp%3ABk9SR6y4y9X-Yw
347743037305812146208597525794224324,Augusta Sportswear Men's Baseball Jersey Sports T shirt Raglan Tee - 4420,$12.88 to $20.00,https://i.ebayimg.com/thumbs/images/g/ruIAAOSwO3Ziob8Y/s-l500.webp,https://www.ebay.com/itm/224584183719?itmmeta=01HZTNJVGFMJ9CD61MHP1Y3TMP&hash=item344a42afa7:g:ruIAAOSwO3Ziob8Y&itmprp=enc%3AAQAJAAAAwFlmj4QF4fTaHESu1Tyaa3MExx1HZZmcXGDva1iuT6QXttf8Ev%2F4mEmxtvv9AePG3fv1%2Br5akij1XxvB%2BSzDDfMyohlKyynL7iOJMvr2qrSrLSHuwslwRpXNAH%2BkyToUEQRL36RavXNie3dJ76kjUOKSw2%2BY9rcvXAraKduH9C2AotD1THzBkiivK39MSa1nNcmg%2FJCS%2FV5gpd5G5ONpbyQDHeVvQYvZWH3LZJwQRRueaDFCTbOGiykZYgv31pG9ig%3D%3D%7Ctkp%3ABk9SR6y4y9X-Yw
121328851088644873150422522132322307418,Men's Bandana Paisley Striped Button Down Baseball Jersey Tee Shirt S~5X BJ51EY,$27.99 to $32.99,https://i.ebayimg.com/thumbs/images/g/PG4AAOSwMCVhguh-/s-l500.webp,https://www.ebay.com/itm/224674584038?itmmeta=01HZTNJVGG9MF1EKJRS16W0YGS&hash=item344fa615e6:g:PG4AAOSwMCVhguh-&itmprp=enc%3AAQAJAAAA4J8p9TQAFo2iC6fjXOy556TbWyka9C4kTDz4MUmehYCBD1oORUWlTUDgEfdeIxMEJxX2SS2in9CsozMUWsW%2FUlBA6fhzzPMHY%2FH74SjCeI%2FDhnxd7phxZSttqAAVMuTJ9z5KDdFbQoehP6xzgFN2VHiqOMPeWJJ%2BKrgo%2B4d9Uj3Pf9mt%2FPWVkMYUD3sfLluDg9Tlz%2BfVXfxfwI6SE1cq%2BK4s4L%2FEAUXDftngBCVqp%2BXb14Lunf7XGmWi33A8evYb9rPBONQDYH1uhQ6JnN8R0YEQie0LGw7ENLa8I7KdjcxN%7Ctkp%3ABk9SR6y4y9X-Yw
292504922400316904065971335559271827245,"Nike Men's Sportswear Active Short Sleeve T-Shirt in Black/White, AR5004-010",$17.95,https://i.ebayimg.com/thumbs/images/g/ED8AAOSwvCplRAuF/s-l500.webp,https://www.ebay.com/itm/276047396564?epid=28053466982&itmmeta=01HZTNJVGG8H2ES8ZBH1T49R6N&hash=item4045b4fed4:g:ED8AAOSwvCplRAuF&itmprp=enc%3AAQAJAAAA4Na6Cha8J07Yo%2F%2BTuefEOZrvhFqucLC1npJPH6X5%2FNISnr%2FUm0RTcAPiXof2%2FlabBuPmHwHnEXXocsMBQecE7hMXyXg7GIgCG1bCdUYTiAWQwi2QPjBJ59io96S56hTer8BvZZx9XRT3R5%2B39rmS%2FkmX7CqKkV6ZvC3xzcjbImR2kYc8Zp6n2kib2et3Lk7Vyu4JdTfjY%2BDUQ6XXCYN4p8KdA%2BU1xwxqN5pWvJuYkMV7ZhGTIhgcY8bVmrXybDBbc9kF8MtX9rGIiYmcc3JuuWJQT9mjjHYa5ngEqAQX56FQ%7Ctkp%3ABk9SR6y4y9X-Yw
223638681326387064432615704564886887094,Caterpillar Men Diesel Power Tee Apparel,$13.99,https://i.ebayimg.com/thumbs/images/g/uJEAAOSw95Nl8Z7J/s-l500.webp,https://www.ebay.com/itm/134976230844?itmmeta=01HZTNJVGGPSXNSYJPE13RY0HW&hash=item1f6d35d5bc:g:uJEAAOSw95Nl8Z7J&itmprp=enc%3AAQAJAAAA4OeiPIrO34LY9hZPb2I3yJjnuGzvNmxQjlJR3tPVrptBkJotV4gL2tbIlalfzWfSBqq5kenDoCgPfB7Fg%2FG2uB%2BY6yefow%2FRo577%2BGQjQEgh4CSaZcvq0UFyFpdPBgX%2B4AmoRmA%2FOADWDB%2FeUCHm7GbQf%2FG9D5m5LmCikVsRjazK7xwti1f0%2FWY5nVcHlGahhmMzYDs%2F1UZh%2FHKqVN1mcVNXrRPBGbhl%2FpEm70feCKvCsSRn5YwMD66Q2sUX8IKrVjv9gruaImpaBfS5lAsqb2X6Vv9cNZWGB5BJkYVYiq0B%7Ctkp%3ABk9SR6y4y9X-Yw
339114084722760013489952530724411200312,American Apparel Men's 50/50 Tee,$14.99,https://i.ebayimg.com/thumbs/images/g/cmEAAOSwWcxlwqyI/s-l500.webp,https://www.ebay.com/itm/134924774873?itmmeta=01HZTNJVGGQEWBMF4Z8K396E75&hash=item1f6a24add9:g:cmEAAOSwWcxlwqyI&itmprp=enc%3AAQAJAAAAwOYsy%2FwHZnZRLGqUPcE7EcQFnC6KA%2BmkqT0mwi2TSUbx9jrWvE491OVIgtRzT57zrU5A%2B9LAK1W6ZTgu6SwlPuIj%2BFzRzyHF5ij3azkazDBeHYbHyvZahFOTuPaSIoeoISiJCD2zn%2BP4K8qly0LUb11wMNCe1I66fhi%2Fyz2dRAYqAKKUnIksETyqFfakN%2FpjUWwq%2FEdHwcs9BfZGw5%2B10mMIRI88gLuKyGdd1ALqkwnXgzmoEAofnZPIcU36rLf19Q%3D%3D%7Ctkp%3ABk9SR6y4y9X-Yw
155323713851103197301337998961330476864,Mens Don't Tread on Me T-shirt Gadsden Flag Clothing Apparel 2nd Amendment Tee,$14.95 to $19.95,https://i.ebayimg.com/thumbs/images/g/rf8AAOSwm1pkrqh3/s-l500.webp,https://www.ebay.com/itm/195874786134?itmmeta=01HZTNJVGGVR0E23TBJZ74Q7XZ&hash=item2d9b0c0b56:g:rf8AAOSwm1pkrqh3&itmprp=enc%3AAQAJAAAAwJMZp6AFGPxz2sBPmVGIsykKn6YNKyqnhaCbFchALE8ooi7HiGKXaGcUilOHCCNBwI6Pt8XNs3ch5ycbnNcshtsmuTtpvFSuBpZTskjfycOcbhwySKKnlssEkETGgwQ368grkD0PORkMR4umkE9oevUUeC2NGnUtdgmi3ffsiIGL73cHtuovUuFKePE3QcXnpbuq3Z0CW1daqFIt3%2By%2B9XVAykYPMHbSA15SefsASyoy%2Fulwqb2kUJpNcYNNzqIdBg%3D%3D%7Ctkp%3ABk9SR6y4y9X-Yw
249469967998659081279251856219248654846,Champion Men Athletic Apparel Red T-Shirt US S Heritage Cotton Tee,$20.00,https://i.ebayimg.com/thumbs/images/g/i3cAAOSw101mMp4k/s-l500.webp,https://www.ebay.com/itm/404953360398?itmmeta=01HZTNJVGGXY3FGKHT2MJSYD24&hash=item5e4919e80e:g:i3cAAOSw101mMp4k&itmprp=enc%3AAQAJAAAA4OEDHzfL7Wp2WMB5n4CLz%2BVjSsHfrPPtooli8L3VqybdomtobFpkhgFqSMDMnZxs9XwgZUtW2Uvm%2BFlvdX0NcCmQMBWm18tNU1157qA5eU6PiEX%2F3pFbQKK9ukszBfn%2BHaEwqRO%2FvaNz%2FSl7tY2i6Y4m36l%2BhNZFiric5unXpmrgie6b4iemxNlSZH%2FjrD93xfVuoSibUZ%2FKtbnZjpq8XAGhOueuyogLkDPDv2Wv3XMCk4HlTIUM3ZCtvawuaJ9qoqi%2BnmSAkaOvdu0rI76eLiGWDqkWymOb8R0PMBmn1pT%2B%7Ctkp%3ABk9SR6y4y9X-Yw
97759151464955650534848300096731915673,AAA Alstyle Mens Plain Short Sleeves Tee Blank T-Shirt Casual T Shirt - AL1301,$6.68 to $19.72,https://i.ebayimg.com/thumbs/images/g/hyYAAOSwe09lV1AE/s-l500.webp,https://www.ebay.com/itm/223574456779?itmmeta=01HZTNJVGGFT4KJG5KY1DZDWD0&hash=item340e1379cb:g:hyYAAOSwe09lV1AE&itmprp=enc%3AAQAJAAAAwCmJxAeha5Qtv4atlPv%2BNAnW%2B0NlownNJD3JP9gMyjPT3NgGQuGIOveeWYhY6gDLWUNJIfh3hxVYm3SOF3KViKxO64E2M7mGBg489da3QPb7QrlDhTsswVdGkKZxdVF1hkhc8taFgkm%2Bzax62upkItNtsfyzLdcgmupxajOjxZZdl8BT8q5PURDff0xsx%2BKwBBzoW0RGhrFxl8T1AW1NIN1haNYgHE51FJaRzswQMeUp6FKLJI6gUx4O9e2ClDww5A%3D%3D%7Ctkp%3ABk9SR6y4y9X-Yw
240084211234939342109141111375210437447,Gme Gamestop Video Game T Shirt,$14.99 to $18.99,https://i.ebayimg.com/thumbs/images/g/Ca0AAOSwlzBkGbre/s-l500.webp,https://www.ebay.com/itm/364189804230?itmmeta=01HZTNJVGG77M4NQWSTE899NRW&hash=item54cb6766c6:g:Ca0AAOSwlzBkGbre&itmprp=enc%3AAQAJAAAA4Pdzn%2B8LwCRbuLOShiY4DRDHgHTb%2BKIdnIxKoSU2zIAzruNfMfJrT8Nn7O5e%2BlgVoBqmokISIOGsfBAUXYK%2FcUVPquFYCZisFF9gm8QLlC6noXhXe8K8ajgJpSV%2FhhKs1KZI%2FimR6F7aB%2Farn--M1wslz5oCihONEm7s05yBI4C2qFE2T0DqKIIwuiRobPKqQXU2IRqYTi5jRsryakKGcxtk9OYNNYbHbh7z62PmY28DV1Vi7BZP%2B%2FxoK2I6hVtrobn84s2qjpEVopOM2pOEUNdGLPpCFZvjUUT8DzO1wBjq%7Ctkp%3ABk9SR664y9X-Yw
198487683012281405254684251997987011523,GT 500 Shelby Ford Mustang Shirt Mens Graphic Tee Clothing Apparel Gifts,$15.95 to $19.95,https://i.ebayimg.com/thumbs/images/g/6eAAAOSwhmll1Ua3/s-l500.webp,https://www.ebay.com/itm/315170493303?itmmeta=01HZTNJVGGNJ17YMJMA03HTHKR&hash=item4961a01377:g:6eAAAOSwhmll1Ua3&itmprp=enc%3AAQAJAAAA4KpZHBrOMf4Z63E%2Br57WyqFc6uHJc3ItELrXYXzXBAKEBwDawKrft%2BnCGxJChlCrq7DpYJXDSpMMjWlvu05ET07MQ9joLdmd%2BN5HIyLD6dnqmElGro4hbnRewJZC%2FhVZeSWvigPLkycx6WP6CebIUZUqsERNQ4SnnVen8qJetH8i%2FQi8Kc0j50jlpPkkf6uIupr8%2Fa1ZiTR%2FXsS1kmlHiERVZgbAMrzwOLbTtcszRnuLXG2YRfOfZbqHb9uG8CSJFsmK5WhAfkr4v%2FdpfHXIMeiV%2FGQIXhqRhrn4UTM4LT%2FC%7Ctkp%3ABk9SR664y9X-Yw
287764069958861515691591801570374664627,USA Flag Stars Men's T Shirt American Tee Gym Workout Cotton Short Sleeve Tops,$9.89 to $17.09,https://i.ebayimg.com/thumbs/images/g/HL4AAOSwEpBkJGIW/s-l500.webp,https://www.ebay.com/itm/225501100668?itmmeta=01HZTNJVGGDRWWP55V64GE7EG4&hash=item3480e9ba7c:g:HL4AAOSwEpBkJGIW&itmprp=enc%3AAQAJAAAAwD0he5OG2oxXfuDpqphVAm%2FlfDGoJWstSV1sMmkKabj9cw2wjm1NDQyt846lENzamSSx7%2FNN05sG8RGAOCEAmwhmy6%2ForpS%2BGHM4FwcH6r0AiRNRBRbR%2FSJCfY2EmySBgnXdqqYUgB0l%2FNPxdIHMxrhFichWT2EA%2F2VEH9hBRoYUFk1zwOwxzAya3abQ5gKfaYTy6W6cXc61b8zYNjp0HJVkuCY4u6ZB%2FiXFzisXvGxAFhjsaq9sIT1AMgF1kCbgSg%3D%3D%7Ctkp%3ABk9SR664y9X-Yw
152939689006113672748412354681908310663,New Men's Summer Outfit 2-Piece Set Sweatsuit Short Sleeve T Shirts & Shorts Set,$17.99,https://i.ebayimg.com/thumbs/images/g/X6EAAOSwuV1iRXha/s-l500.webp,https://www.ebay.com/itm/384910404442?itmmeta=01HZTNJVGGGVG8EVYGYCFD76X2&hash=item599e72ab5a:g:X6EAAOSwuV1iRXha&itmprp=enc%3AAQAJAAAA4P0M16NNxUknbVnv3%2FOU2e5hYWTNCsFJ%2BnYlbAjr8jcAyGd3H1RCHGw3tYnGFdWiQDpzEwjKMGjeQ25jYn75fYo7fUuI5A6somLmvNBzkX64Ui648%2FGNuB1wsJnntA4O0SkxI%2Bao%2BginiiEH%2BdUQwoAh2DWNVgKWkm2lX49XbhNbp7PlPXNhL8ybgi%2B7BzkdIOg%2FHf0MNfkuiarTcT0aurr5RTY4dnz8cCenqz%2BnX1DFX5z9lpRMqopMV0IUsydlqryq%2FFUTjE%2FnB0mxQ3leDcAxs9VBXcr2MOz7TrDHp5B9%7Ctkp%3ABk9SR664y9X-Yw
267621625596308908350181193976717019146,Men's UPF 50+ UV Protection Long Sleeve T-Shirt Sun Block Casual Fishing Shirts,$17.98,https://i.ebayimg.com/thumbs/images/g/hL0AAOSwX-pkPg14/s-l500.webp,https://www.ebay.com/itm/383030972828?itmmeta=01HZTNJVGG43V8Y1DDAV4046G3&hash=item592e6cd19c:g:hL0AAOSwX-pkPg14&itmprp=enc%3AAQAJAAAAwCxQdPSdg9Q0b9jP6gG2hblo3QlkGXN1xVJTBv2wxJxbiORLV8Jb8rsxBtVf3Tu9%2FXk92dbiMluzckiD8m4CQ9LxzzVlWhaIT1Fwo%2FjKGebW8GTp4LJao9Jy0eN5gR2RRGXCtxwkPB5Es6jhBXNZrkKJae6dwdQUyH8tD3UqzEEOvjoSSUPvDmvEhJa4igj%2FU8ABsnUCAa5xg88YfC3EL7E2HnOblYaLaCbELtmXiabrhIkLCrWyMfui256gc275PQ%3D%3D%7Ctkp%3ABk9SR664y9X-Yw
196291153167387678516091376666980950356,Next Level Apparel Unisex Premium CVC Crew Neck Short Sleeves T-Shirt - N6210,$9.35 to $16.14,https://i.ebayimg.com/thumbs/images/g/tPoAAOSwd39lt5ku/s-l500.webp,https://www.ebay.com/itm/223495449883?itmmeta=01HZTNJVGGG16R9PW3ZR7T8MEZ&hash=item34095ded1b:g:tPoAAOSwd39lt5ku&itmprp=enc%3AAQAJAAAAwL8w%2F3Im8n8Sq4hKchVrOqRFKlQUVoZvs0hCAtuLUu11WYq3sPFzBEIOYUJA2D4ahZPhU1uqUjDTlLp13UYz0I1D%2F7klu5TWfcAHul3BgPP%2FnbLrL080llaqAEld8M2Bgraq4Ah%2FYKDjWIGfEVkOwCep%2BS6fD6zrsayjBmEi3zNtz3ByUTTe4ooOqYWlp2yu0iyLMDr%2BsI1fFfbn9sijo5cNXOtvsFbh%2ByWIzo%2FmEIciZ2IkjrTdyhelNOrMGUYv4g%3D%3D%7Ctkp%3ABk9SR664y9X-Yw
154506969639996343226812157116808399483,Mafioso Men's Rock Paper Scissors Short Sleeve T Shirt Black Clothing Apparel...,$18.89,https://i.ebayimg.com/thumbs/images/g/b3QAAOSw5PFj6qmg/s-l500.webp,https://www.ebay.com/itm/373943114568?itmmeta=01HZTNJVGGP5RC7DZ62N6XXTQC&hash=item5710bf1b48:g:b3QAAOSw5PFj6qmg&itmprp=enc%3AAQAJAAAAwG16RO2qPmvOVt3ANP2oLiiqlHhyRU2pnL7qRX3tapSK5nJqJxn%2FuA%2Fx7QJ2%2FyUN3fgHOm6DLEjAEjk%2FNUP2oMBrdnYN9SkVY6k%2B2pk56cHQ8usbzaL6v3dCvubn2BgzGSBmeE5CjROmQPGRSN8mibGafNreqtrEjAbi1mNiVnyMu59vGsQZ%2B7tg8o%2BLOc4Po3kx3f2%2BWqDDn9CIFbDYVFTWS3YDbQOWySiPtR%2B1lswdpFhLDCh2ebNG%2F7%2FpBTbaPQ%3D%3D%7Ctkp%3ABk9SR664y9X-Yw
335668872984341391310484405842545943071,Tee to match Air Jordan Retro 1 Metallic Gold. Gold Rush Tee,$28.00,https://i.ebayimg.com/thumbs/images/g/LKgAAOSw2zpfqzxo/s-l500.webp,https://www.ebay.com/itm/254774662801?itmmeta=01HZTNJVGG3XEHDHQ6AFD4RAS2&hash=item3b51c0d691:g:LKgAAOSw2zpfqzxo&itmprp=enc%3AAQAJAAAAwEPl5%2BsbUPbSZrt3nYecDpB83xednavjV7vQfuDOntfI6ToCr6v6K7ECoD7zqZrxjkAwc6C2LYb9XeTfUAQ5%2BUVVqHgHd5GKM%2BfhnJBBbpeyBaomKLnMum%2BkiuKgXs9DjlQ%2BJ4C%2BuAFlIPtom9Qbsg3VeYaKdBLRY4FaiMyBK4eic8jlFkIQOHoalEk%2Fu%2FjNjGjZTZqLfV6TM%2Fo3rNxPLPgWAmfVzyoII5uQiNOROeUveuEGjogeFvA0rfUVkf7Bzw%3D%3D%7Ctkp%3ABlBMUK64y9X-Yw
174537687223292250545817962345148645158,Tee to match Air Jordan Retro 7 Citrus Sneakers. Trapicana Citrus,$28.00,https://i.ebayimg.com/thumbs/images/g/LRIAAOSwuT1i6Hdr/s-l500.webp,https://www.ebay.com/itm/265808825717?itmmeta=01HZTNJVGGGPYPDY9ZD4BQA3J8&hash=item3de370cd75:g:LRIAAOSwuT1i6Hdr&itmprp=enc%3AAQAJAAAAwPe1Y3DyXRaFItjgYL3%2B2AwaOhAjPKo2rL2H3RYP2oYBFpO2%2FmrEYI00BqwGwSSEzwroG57wJuqco7gMCwzU%2BABjnDmGu5j2YeAzYv7L9eW6lpUqm0gUnfq9HIklskwcNtPbPKG7XVKLyZn37fSt4kAFmWFNg5GVrILaN8NB%2F91%2BdLd6ERT4eQZPJtx0tYN7%2FF3ocufTJxG4Sp3SBM3Kbwd5uDZEiH5cbYkWZBA7MyyC5a0599rIPjxFUuBjYpB2bA%3D%3D%7Ctkp%3ABlBMUK64y9X-Yw
